datetime,open,high,low,close,volume
2025-01-07 12:00:00,0.4926,0.5072,0.4469,0.4615,22595858.0
2025-01-07 13:00:00,0.4616,0.4812,0.4565,0.461,18068560.0
2025-01-07 14:00:00,0.4611,0.4876,0.458,0.4626,11989732.0
2025-01-07 15:00:00,0.4627,0.4737,0.4367,0.4683,22801956.0
2025-01-07 16:00:00,0.4683,0.5067,0.468,0.4815,30879740.0
2025-01-07 17:00:00,0.4815,0.4882,0.4438,0.4599,16968568.0
2025-01-07 18:00:00,0.4601,0.4796,0.4579,0.4713,10771628.0
2025-01-07 19:00:00,0.4714,0.49,0.4659,0.4743,9632290.0
2025-01-07 20:00:00,0.4743,0.4885,0.4702,0.4808,5410810.0
2025-01-07 21:00:00,0.4808,0.4864,0.4569,0.46,5452846.0
2025-01-07 22:00:00,0.4597,0.4958,0.4595,0.4912,6984227.0
2025-01-07 23:00:00,0.4914,0.4915,0.4691,0.4726,5245608.0
2025-01-08 00:00:00,0.4727,0.4758,0.4304,0.4443,12240767.0
2025-01-08 01:00:00,0.4444,0.4461,0.42,0.4219,16817362.0
2025-01-08 02:00:00,0.4219,0.4286,0.3889,0.4006,27943223.0
2025-01-08 03:00:00,0.4008,0.4139,0.3821,0.3934,23338679.0
2025-01-08 04:00:00,0.3934,0.403,0.3774,0.3785,25519608.0
2025-01-08 05:00:00,0.3786,0.3911,0.3752,0.3833,26012364.0
2025-01-08 06:00:00,0.3832,0.3853,0.3452,0.3523,43865122.0
2025-01-08 07:00:00,0.3523,0.3755,0.3498,0.3664,36223714.0
2025-01-08 08:00:00,0.3664,0.3739,0.3574,0.361,33657654.0
2025-01-08 09:00:00,0.361,0.3626,0.3341,0.335,58143695.0
2025-01-08 10:00:00,0.3349,0.3613,0.3349,0.3478,46728411.0
2025-01-08 11:00:00,0.3479,0.3518,0.3116,0.3133,77388188.0
2025-01-08 12:00:00,0.3132,0.3186,0.2828,0.3015,159460040.0
2025-01-08 13:00:00,0.3015,0.3126,0.2927,0.3088,88383780.0
2025-01-08 14:00:00,0.3088,0.3187,0.3022,0.3171,71375334.0
2025-01-08 15:00:00,0.3171,0.336,0.3118,0.3182,94344594.0
2025-01-08 16:00:00,0.3181,0.3183,0.2833,0.286,78868226.0
2025-01-08 17:00:00,0.2861,0.2976,0.2824,0.2969,74757121.0
2025-01-08 18:00:00,0.297,0.3144,0.2954,0.3013,57944301.0
2025-01-08 19:00:00,0.3013,0.3129,0.3002,0.3025,39144196.0
2025-01-08 20:00:00,0.3025,0.3077,0.3002,0.3018,23501135.0
2025-01-08 21:00:00,0.3019,0.3081,0.2887,0.3061,38323325.0
2025-01-08 22:00:00,0.306,0.31,0.2913,0.3097,31175840.0
2025-01-08 23:00:00,0.3095,0.3172,0.3042,0.3124,29639005.0
2025-01-09 00:00:00,0.3123,0.3159,0.302,0.3131,31627900.0
2025-01-09 01:00:00,0.3133,0.37,0.3128,0.3545,110657048.0
2025-01-09 02:00:00,0.3547,0.3617,0.325,0.3259,76572318.0
2025-01-09 03:00:00,0.3259,0.3382,0.3158,0.3164,50946651.0
2025-01-09 04:00:00,0.3165,0.3207,0.3073,0.3158,38994353.0
2025-01-09 05:00:00,0.3158,0.327,0.2937,0.2945,48917895.0
2025-01-09 06:00:00,0.2945,0.2964,0.277,0.2784,76236359.0
2025-01-09 07:00:00,0.2784,0.2815,0.2615,0.2727,111005525.0
2025-01-09 08:00:00,0.2728,0.3003,0.2691,0.2899,91234059.0
2025-01-09 09:00:00,0.29,0.3041,0.2898,0.2913,58284989.0
2025-01-09 10:00:00,0.2914,0.2951,0.2786,0.284,46461196.0
2025-01-09 11:00:00,0.2839,0.2986,0.2808,0.2926,42802914.0
2025-01-09 12:00:00,0.2926,0.2942,0.2806,0.2879,33276299.0
2025-01-09 13:00:00,0.288,0.2881,0.2616,0.263,68696087.0
2025-01-09 14:00:00,0.2629,0.2828,0.2523,0.2765,112369123.0
2025-01-09 15:00:00,0.2766,0.2959,0.2728,0.2916,68471205.0
2025-01-09 16:00:00,0.2915,0.3001,0.287,0.2951,47404417.0
2025-01-09 17:00:00,0.295,0.3046,0.2855,0.289,50382090.0
2025-01-09 18:00:00,0.2891,0.2924,0.2812,0.2861,27443810.0
2025-01-09 19:00:00,0.2861,0.288,0.2759,0.2777,19796746.0
2025-01-09 20:00:00,0.2778,0.2844,0.2762,0.2806,21638538.0
2025-01-09 21:00:00,0.2806,0.2831,0.2773,0.2817,20333353.0
2025-01-09 22:00:00,0.2816,0.2918,0.2778,0.2885,20045328.0
2025-01-09 23:00:00,0.2885,0.2969,0.2837,0.286,18729126.0
2025-01-10 00:00:00,0.2861,0.2962,0.2833,0.2907,23826297.0
2025-01-10 01:00:00,0.2907,0.32,0.2897,0.3181,61951984.0
2025-01-10 02:00:00,0.318,0.3275,0.3059,0.317,54847726.0
2025-01-10 03:00:00,0.317,0.3214,0.3054,0.3093,25917330.0
2025-01-10 04:00:00,0.3094,0.332,0.3092,0.3264,49311496.0
2025-01-10 05:00:00,0.3264,0.3626,0.3245,0.3502,99121597.0
2025-01-10 06:00:00,0.3502,0.3652,0.3393,0.3566,77611933.0
2025-01-10 07:00:00,0.3566,0.3621,0.3463,0.3526,68624986.0
2025-01-10 08:00:00,0.3527,0.358,0.3419,0.3549,57734445.0
2025-01-10 09:00:00,0.3549,0.3811,0.3447,0.3653,107148888.0
2025-01-10 10:00:00,0.3655,0.3696,0.3504,0.3645,56532193.0
2025-01-10 11:00:00,0.3645,0.3674,0.346,0.3525,42783344.0
2025-01-10 12:00:00,0.3527,0.3631,0.3437,0.3581,42789604.0
2025-01-10 13:00:00,0.3581,0.3581,0.3075,0.3266,119454348.0
2025-01-10 14:00:00,0.3265,0.3441,0.325,0.3305,59211787.0
2025-01-10 15:00:00,0.3304,0.3467,0.322,0.3376,49971940.0
2025-01-10 16:00:00,0.3375,0.3385,0.3207,0.3225,32190100.0
2025-01-10 17:00:00,0.3226,0.3435,0.319,0.3418,40266591.0
2025-01-10 18:00:00,0.3417,0.3481,0.3369,0.3379,35414179.0
2025-01-10 19:00:00,0.338,0.3453,0.3338,0.3361,19008725.0
2025-01-10 20:00:00,0.336,0.3371,0.3273,0.3299,17691264.0
2025-01-10 21:00:00,0.33,0.3342,0.3252,0.3261,13297290.0
2025-01-10 22:00:00,0.3261,0.3387,0.324,0.3325,19331802.0
2025-01-10 23:00:00,0.3326,0.3364,0.3205,0.323,27247703.0
2025-01-11 00:00:00,0.323,0.3263,0.3132,0.3153,28138042.0
2025-01-11 01:00:00,0.3153,0.3195,0.3,0.3028,33909624.0
2025-01-11 02:00:00,0.3028,0.3094,0.2888,0.2903,35746116.0
2025-01-11 03:00:00,0.2901,0.2924,0.2669,0.2724,56566948.0
2025-01-11 04:00:00,0.2722,0.2774,0.2655,0.2683,38906164.0
2025-01-11 05:00:00,0.2683,0.2725,0.2622,0.2698,35568914.0
2025-01-11 06:00:00,0.2701,0.2761,0.2552,0.2648,71973249.0
2025-01-11 07:00:00,0.2648,0.2687,0.2618,0.2684,33912908.0
2025-01-11 08:00:00,0.2683,0.2715,0.2623,0.2668,41445583.0
2025-01-11 09:00:00,0.2667,0.2748,0.2666,0.2747,31610511.0
2025-01-11 10:00:00,0.2747,0.2775,0.2652,0.2733,43878583.0
2025-01-11 11:00:00,0.2733,0.2769,0.2666,0.2762,32372330.0
2025-01-11 12:00:00,0.2761,0.2871,0.2719,0.2847,45420714.0
2025-01-11 13:00:00,0.2848,0.2871,0.2735,0.2744,37206061.0
2025-01-11 14:00:00,0.2744,0.2776,0.2665,0.2716,44824316.0
2025-01-11 15:00:00,0.2716,0.2749,0.2504,0.2538,80474239.0
2025-01-11 16:00:00,0.2538,0.2544,0.2411,0.2452,91575026.0
2025-01-11 17:00:00,0.2451,0.2498,0.241,0.2458,53795124.0
2025-01-11 18:00:00,0.2458,0.248,0.242,0.2446,34656391.0
2025-01-11 19:00:00,0.2446,0.2487,0.2351,0.239,67221404.0
2025-01-11 20:00:00,0.2391,0.2477,0.2387,0.2474,33158303.0
2025-01-11 21:00:00,0.2474,0.2587,0.2465,0.2572,41643956.0
2025-01-11 22:00:00,0.2574,0.2609,0.2501,0.2501,33637700.0
2025-01-11 23:00:00,0.2501,0.2533,0.246,0.2479,29332044.0
2025-01-12 00:00:00,0.2479,0.2487,0.2421,0.246,36433283.0
2025-01-12 01:00:00,0.246,0.2526,0.2401,0.2521,37215819.0
2025-01-12 02:00:00,0.2522,0.257,0.2471,0.2475,43836146.0
2025-01-12 03:00:00,0.2474,0.2543,0.2472,0.2524,28569255.0
2025-01-12 04:00:00,0.2524,0.2552,0.2473,0.2497,26540121.0
2025-01-12 05:00:00,0.2497,0.279,0.2497,0.2727,81936501.0
2025-01-12 06:00:00,0.2727,0.2913,0.272,0.2748,107551927.0
2025-01-12 07:00:00,0.2748,0.2828,0.2694,0.2749,69583685.0
2025-01-12 08:00:00,0.2749,0.2835,0.2728,0.2736,56105410.0
2025-01-12 09:00:00,0.2735,0.2805,0.2702,0.2727,51963575.0
2025-01-12 10:00:00,0.2726,0.2787,0.2645,0.2712,67753121.0
2025-01-12 11:00:00,0.2712,0.285,0.2655,0.2802,61494760.0
2025-01-12 12:00:00,0.2804,0.2865,0.2723,0.273,70219456.0
2025-01-12 13:00:00,0.2731,0.2803,0.2711,0.2775,51748008.0
2025-01-12 14:00:00,0.2776,0.2828,0.2696,0.2718,51868574.0
2025-01-12 15:00:00,0.2719,0.2828,0.2583,0.2652,81106654.0
2025-01-12 16:00:00,0.2651,0.2653,0.256,0.2587,48658397.0
2025-01-12 17:00:00,0.2587,0.2607,0.2516,0.2528,44912113.0
2025-01-12 18:00:00,0.2527,0.254,0.245,0.2454,33493375.0
2025-01-12 19:00:00,0.2453,0.249,0.2421,0.2433,26744803.0
2025-01-12 20:00:00,0.2433,0.2457,0.2414,0.2426,16523778.0
2025-01-12 21:00:00,0.2426,0.2442,0.2403,0.2421,24932624.0
2025-01-12 22:00:00,0.242,0.2428,0.2334,0.2378,34680398.0
2025-01-12 23:00:00,0.2379,0.2424,0.2367,0.2398,29957252.0
2025-01-13 00:00:00,0.2397,0.2467,0.2361,0.2455,47818398.0
2025-01-13 01:00:00,0.2455,0.2492,0.2381,0.2385,40332457.0
2025-01-13 02:00:00,0.2385,0.2398,0.2154,0.2203,110550446.0
2025-01-13 03:00:00,0.2204,0.2219,0.205,0.2082,91927631.0
2025-01-13 04:00:00,0.2083,0.2145,0.203,0.2059,113061342.0
2025-01-13 05:00:00,0.2059,0.2074,0.2008,0.204,69623973.0
2025-01-13 06:00:00,0.2041,0.2117,0.202,0.2064,84979232.0
2025-01-13 07:00:00,0.2063,0.2095,0.2051,0.2089,44816476.0
2025-01-13 08:00:00,0.2088,0.2092,0.1903,0.1933,140268612.0
2025-01-13 09:00:00,0.1933,0.1947,0.185,0.1912,174783597.0
2025-01-13 10:00:00,0.1911,0.1925,0.1819,0.1886,114622345.0
2025-01-13 11:00:00,0.1886,0.1904,0.1834,0.1873,84662895.0
2025-01-13 12:00:00,0.1873,0.1978,0.1855,0.196,138889608.0
2025-01-13 13:00:00,0.196,0.1964,0.1895,0.1917,93796802.0
2025-01-13 14:00:00,0.1917,0.205,0.1887,0.2,142479542.0
2025-01-13 15:00:00,0.2001,0.2087,0.197,0.1974,116778211.0
2025-01-13 16:00:00,0.1973,0.202,0.1892,0.192,87979538.0
2025-01-13 17:00:00,0.192,0.1995,0.1918,0.1961,55525692.0
2025-01-13 18:00:00,0.196,0.1963,0.1836,0.1905,80497092.0
2025-01-13 19:00:00,0.1905,0.1922,0.1844,0.1853,48297399.0
2025-01-13 20:00:00,0.1853,0.21,0.1853,0.1973,64043053.0
2025-01-13 21:00:00,0.1973,0.2048,0.196,0.2043,56774517.0
2025-01-13 22:00:00,0.2044,0.2065,0.2005,0.2018,35947077.0
2025-01-13 23:00:00,0.2019,0.2076,0.2011,0.204,30650516.0
2025-01-14 00:00:00,0.2039,0.2124,0.2028,0.2077,51739384.0
2025-01-14 01:00:00,0.2076,0.2257,0.2075,0.2158,86314489.0
2025-01-14 02:00:00,0.2157,0.2245,0.2138,0.2187,57560783.0
2025-01-14 03:00:00,0.2186,0.2228,0.2139,0.2148,39329638.0
2025-01-14 04:00:00,0.2149,0.2228,0.2101,0.2224,57211217.0
2025-01-14 05:00:00,0.2223,0.2258,0.2143,0.2167,58108143.0
2025-01-14 06:00:00,0.2167,0.217,0.2058,0.2073,52628414.0
2025-01-14 07:00:00,0.2074,0.2126,0.2072,0.2105,35389682.0
2025-01-14 08:00:00,0.2104,0.2149,0.2092,0.2111,41205942.0
2025-01-14 09:00:00,0.2112,0.2222,0.2071,0.2217,75892729.0
2025-01-14 10:00:00,0.2216,0.2223,0.2119,0.213,44092183.0
2025-01-14 11:00:00,0.213,0.2193,0.2124,0.2129,36455307.0
2025-01-14 12:00:00,0.2129,0.2181,0.2077,0.2153,54249303.0
2025-01-14 13:00:00,0.2153,0.2209,0.2129,0.217,51144131.0
2025-01-14 14:00:00,0.2172,0.2312,0.2165,0.223,73890928.0
2025-01-14 15:00:00,0.2231,0.232,0.2204,0.2218,73134846.0
2025-01-14 16:00:00,0.2218,0.223,0.2161,0.2168,61062416.0
2025-01-14 17:00:00,0.2168,0.2178,0.2102,0.2106,44344804.0
2025-01-14 18:00:00,0.2106,0.2215,0.2106,0.2183,36419811.0
2025-01-14 19:00:00,0.2184,0.2215,0.2163,0.2179,27784420.0
2025-01-14 20:00:00,0.2178,0.218,0.2107,0.2138,28554520.0
2025-01-14 21:00:00,0.2137,0.2224,0.2127,0.2199,27178740.0
2025-01-14 22:00:00,0.2199,0.2237,0.2154,0.2235,26643561.0
2025-01-14 23:00:00,0.2235,0.2404,0.2232,0.2352,90447677.0
2025-01-15 00:00:00,0.2351,0.236,0.2196,0.2206,67999817.0
2025-01-15 01:00:00,0.2206,0.2219,0.2103,0.2117,48961194.0
2025-01-15 02:00:00,0.2117,0.2153,0.2053,0.2074,45242973.0
2025-01-15 03:00:00,0.2074,0.2114,0.206,0.2078,30314679.0
2025-01-15 04:00:00,0.2079,0.2163,0.2027,0.2154,60758106.0
2025-01-15 05:00:00,0.2153,0.2159,0.2078,0.2083,34071699.0
2025-01-15 06:00:00,0.2084,0.2088,0.1883,0.1898,103989127.0
2025-01-15 07:00:00,0.1898,0.1943,0.187,0.189,67833462.0
2025-01-15 08:00:00,0.189,0.1895,0.176,0.1792,123097290.0
2025-01-15 09:00:00,0.1791,0.1808,0.1687,0.17,130197825.0
2025-01-15 10:00:00,0.1699,0.1722,0.1664,0.1699,89616946.0
2025-01-15 11:00:00,0.1699,0.1707,0.1615,0.1679,135311509.0
2025-01-15 12:00:00,0.1678,0.1699,0.1632,0.1668,80643641.0
2025-01-15 13:00:00,0.1668,0.1846,0.1643,0.1827,192744104.0
2025-01-15 14:00:00,0.1827,0.1936,0.1737,0.1911,196672316.0
2025-01-15 15:00:00,0.1912,0.1967,0.1838,0.1849,140597626.0
2025-01-15 16:00:00,0.1849,0.1944,0.1847,0.1889,87336996.0
2025-01-15 17:00:00,0.1889,0.1943,0.1872,0.1892,61588137.0
2025-01-15 18:00:00,0.1892,0.1925,0.1816,0.1917,71788504.0
2025-01-15 19:00:00,0.1917,0.1961,0.1903,0.1945,43476168.0
2025-01-15 20:00:00,0.1945,0.204,0.1936,0.1942,79708149.0
2025-01-15 21:00:00,0.1942,0.2008,0.1942,0.1988,40685880.0
2025-01-15 22:00:00,0.1989,0.2045,0.1957,0.2038,44784290.0
2025-01-15 23:00:00,0.2039,0.2058,0.1928,0.1943,61076201.0
2025-01-16 00:00:00,0.1943,0.1952,0.1667,0.1667,150510852.0
2025-01-16 01:00:00,0.1668,0.1876,0.1668,0.1867,139670013.0
2025-01-16 02:00:00,0.1867,0.2261,0.1861,0.2256,239015710.0
2025-01-16 03:00:00,0.2256,0.235,0.2057,0.2128,205391549.0
2025-01-16 04:00:00,0.2128,0.2217,0.2067,0.2076,104493486.0
2025-01-16 05:00:00,0.2076,0.2191,0.2072,0.2148,59572962.0
2025-01-16 06:00:00,0.2149,0.2235,0.2141,0.215,72948036.0
2025-01-16 07:00:00,0.215,0.2246,0.2145,0.2221,66146726.0
2025-01-16 08:00:00,0.222,0.2236,0.2122,0.2178,112819951.0
2025-01-16 09:00:00,0.2178,0.2198,0.2027,0.2055,87405227.0
2025-01-16 10:00:00,0.2054,0.2067,0.196,0.2007,122172023.0
2025-01-16 11:00:00,0.2006,0.2091,0.1958,0.2051,100780960.0
2025-01-16 12:00:00,0.2051,0.2061,0.1966,0.1981,78930951.0
2025-01-16 13:00:00,0.198,0.1994,0.1842,0.1858,131659069.0
2025-01-16 14:00:00,0.1858,0.1884,0.1761,0.1791,116572032.0
2025-01-16 15:00:00,0.179,0.1824,0.1739,0.1811,85629468.0
2025-01-16 16:00:00,0.1811,0.1848,0.1775,0.179,78613025.0
2025-01-16 17:00:00,0.1789,0.1847,0.1777,0.1842,45838329.0
2025-01-16 18:00:00,0.1841,0.1863,0.1791,0.1801,51906799.0
2025-01-16 19:00:00,0.1801,0.1859,0.1796,0.1855,30285318.0
2025-01-16 20:00:00,0.1855,0.1894,0.1807,0.1816,44973611.0
2025-01-16 21:00:00,0.1816,0.1829,0.1784,0.1788,35322564.0
2025-01-16 22:00:00,0.1788,0.1798,0.1723,0.1758,58249239.0
2025-01-16 23:00:00,0.1757,0.1787,0.1751,0.1758,30153728.0
2025-01-17 00:00:00,0.1757,0.1815,0.1757,0.179,51313823.0
2025-01-17 01:00:00,0.179,0.187,0.179,0.1841,57619984.0
2025-01-17 02:00:00,0.184,0.1899,0.1805,0.1822,64237244.0
2025-01-17 03:00:00,0.1821,0.1844,0.179,0.1802,47028896.0
2025-01-17 04:00:00,0.1801,0.1841,0.1779,0.1838,46908788.0
2025-01-17 05:00:00,0.1837,0.1853,0.1776,0.1786,49268277.0
2025-01-17 06:00:00,0.1786,0.1792,0.1747,0.1783,53622226.0
2025-01-17 07:00:00,0.1783,0.1796,0.1679,0.1709,106994147.0
2025-01-17 08:00:00,0.171,0.1853,0.1708,0.1851,108357390.0
2025-01-17 09:00:00,0.185,0.1884,0.1801,0.1815,84809489.0
2025-01-17 10:00:00,0.1816,0.1849,0.1783,0.1792,58994199.0
2025-01-17 11:00:00,0.1792,0.1823,0.1772,0.1789,46879302.0
2025-01-17 12:00:00,0.179,0.1823,0.1755,0.1761,56434487.0
2025-01-17 13:00:00,0.1762,0.1844,0.176,0.1788,68533134.0
2025-01-17 14:00:00,0.1787,0.1793,0.1706,0.1726,84916423.0
2025-01-17 15:00:00,0.1726,0.1776,0.1683,0.1709,65281644.0
2025-01-17 16:00:00,0.171,0.1795,0.17,0.1744,78272119.0
2025-01-17 17:00:00,0.1744,0.1778,0.1669,0.168,58435335.0
2025-01-17 18:00:00,0.1681,0.1698,0.1651,0.1677,64276663.0
2025-01-17 19:00:00,0.1677,0.1719,0.1674,0.1683,34570902.0
2025-01-17 20:00:00,0.1682,0.1786,0.1682,0.1784,50446314.0
2025-01-17 21:00:00,0.1784,0.1797,0.1742,0.1751,39020941.0
2025-01-17 22:00:00,0.1752,0.1787,0.1745,0.1765,23006343.0
2025-01-17 23:00:00,0.1764,0.1794,0.1754,0.1766,21447656.0
2025-01-18 00:00:00,0.1766,0.1791,0.1741,0.1768,32029016.0
2025-01-18 01:00:00,0.1768,0.1806,0.1749,0.1794,53217591.0
2025-01-18 02:00:00,0.1793,0.1806,0.1541,0.1561,154141612.0
2025-01-18 03:00:00,0.156,0.1596,0.141,0.1412,223213371.0
2025-01-18 04:00:00,0.1412,0.1464,0.138,0.1412,178295388.0
2025-01-18 05:00:00,0.1411,0.1438,0.134,0.1372,126873707.0
2025-01-18 06:00:00,0.1372,0.141,0.1356,0.1365,85811581.0
2025-01-18 07:00:00,0.1364,0.14,0.1302,0.1316,119670893.0
2025-01-18 08:00:00,0.1316,0.1329,0.1224,0.1267,195767395.0
2025-01-18 09:00:00,0.1268,0.1309,0.125,0.1296,90675940.0
2025-01-18 10:00:00,0.1296,0.1306,0.1213,0.126,95456516.0
2025-01-18 11:00:00,0.1259,0.1291,0.1232,0.1263,90664543.0
2025-01-18 12:00:00,0.1263,0.1325,0.1262,0.1315,83695762.0
2025-01-18 13:00:00,0.1316,0.1329,0.1251,0.1261,85092890.0
2025-01-18 14:00:00,0.126,0.1263,0.1122,0.1131,263789786.0
2025-01-18 15:00:00,0.1132,0.1236,0.109,0.1183,255323361.0
2025-01-18 16:00:00,0.1183,0.1265,0.1181,0.1245,130254530.0
2025-01-18 17:00:00,0.1246,0.1287,0.1243,0.1255,84407583.0
2025-01-18 18:00:00,0.1255,0.1317,0.1253,0.1282,83612252.0
2025-01-18 19:00:00,0.1281,0.1311,0.1276,0.1294,47185014.0
2025-01-18 20:00:00,0.1294,0.1333,0.1267,0.1284,62020783.0
2025-01-18 21:00:00,0.1284,0.1322,0.1281,0.1303,32674725.0
2025-01-18 22:00:00,0.1303,0.1352,0.1301,0.134,41271427.0
2025-01-18 23:00:00,0.134,0.1357,0.13,0.1314,40199454.0
2025-01-19 00:00:00,0.1315,0.1426,0.1312,0.142,98181479.0
2025-01-19 01:00:00,0.1421,0.1474,0.1343,0.1429,130479046.0
2025-01-19 02:00:00,0.143,0.158,0.1386,0.1487,200802711.0
2025-01-19 03:00:00,0.1487,0.1509,0.1348,0.1364,107324269.0
2025-01-19 04:00:00,0.1364,0.1373,0.1266,0.128,111730335.0
2025-01-19 05:00:00,0.128,0.1319,0.1271,0.1289,54899248.0
2025-01-19 06:00:00,0.1289,0.1298,0.1199,0.1209,78061783.0
2025-01-19 07:00:00,0.1209,0.1281,0.118,0.1234,96265247.0
2025-01-19 08:00:00,0.1234,0.1259,0.1192,0.1218,95361248.0
2025-01-19 09:00:00,0.1219,0.1302,0.1152,0.1292,150941405.0
2025-01-19 10:00:00,0.1292,0.1332,0.1245,0.1297,88759697.0
2025-01-19 11:00:00,0.1298,0.1318,0.1233,0.1247,67062603.0
2025-01-19 12:00:00,0.1248,0.1377,0.1245,0.1345,114274407.0
2025-01-19 13:00:00,0.1344,0.1408,0.1332,0.1392,97536562.0
2025-01-19 14:00:00,0.1392,0.1405,0.1282,0.1329,110926233.0
2025-01-19 15:00:00,0.1329,0.1381,0.1304,0.1331,87909158.0
2025-01-19 16:00:00,0.1331,0.1408,0.1328,0.1357,72174730.0
2025-01-19 17:00:00,0.1357,0.1419,0.1351,0.1409,38010422.0
2025-01-19 18:00:00,0.1409,0.1467,0.1402,0.141,51154939.0
2025-01-19 19:00:00,0.141,0.1425,0.1377,0.1392,40966931.0
2025-01-19 20:00:00,0.1393,0.1508,0.1385,0.1466,89947818.0
2025-01-19 21:00:00,0.1466,0.1495,0.1331,0.135,106550466.0
2025-01-19 22:00:00,0.135,0.1376,0.1104,0.1131,162279347.0
2025-01-19 23:00:00,0.113,0.1131,0.0952,0.1022,215805963.0
2025-01-20 00:00:00,0.1023,0.103,0.0904,0.0909,173111614.0
2025-01-20 01:00:00,0.0909,0.1037,0.0906,0.1037,161174142.0
2025-01-20 02:00:00,0.1037,0.1089,0.0991,0.1014,103876091.0
2025-01-20 03:00:00,0.1015,0.1087,0.1013,0.1068,77035688.0
2025-01-20 04:00:00,0.1067,0.1087,0.1019,0.1023,63490359.0
2025-01-20 05:00:00,0.1022,0.1055,0.1,0.1035,92131737.0
2025-01-20 06:00:00,0.1034,0.1172,0.103,0.1151,113219797.0
2025-01-20 07:00:00,0.1153,0.1218,0.1132,0.1211,124447347.0
2025-01-20 08:00:00,0.1213,0.1256,0.1201,0.1228,108450083.0
2025-01-20 09:00:00,0.1228,0.1278,0.1205,0.1246,80865248.0
2025-01-20 10:00:00,0.1245,0.1261,0.114,0.1156,72604096.0
2025-01-20 11:00:00,0.1157,0.1208,0.115,0.1199,57258571.0
2025-01-20 12:00:00,0.1199,0.1247,0.112,0.1215,122175845.0
2025-01-20 13:00:00,0.1216,0.1228,0.1147,0.1177,73888844.0
2025-01-20 14:00:00,0.1177,0.1194,0.1128,0.1135,51027112.0
2025-01-20 15:00:00,0.1134,0.116,0.111,0.1145,64772716.0
2025-01-20 16:00:00,0.1145,0.124,0.1127,0.1231,69433274.0
2025-01-20 17:00:00,0.123,0.1379,0.1176,0.1244,234224662.0
2025-01-20 18:00:00,0.1244,0.1423,0.1239,0.1391,129997836.0
2025-01-20 19:00:00,0.139,0.1443,0.1367,0.1411,73479584.0
2025-01-20 20:00:00,0.1412,0.1459,0.139,0.1439,44764174.0
2025-01-20 21:00:00,0.1438,0.1485,0.142,0.1454,52502307.0
2025-01-20 22:00:00,0.1453,0.1535,0.1396,0.1518,83869361.0
2025-01-20 23:00:00,0.1518,0.1687,0.145,0.154,201195818.0
2025-01-21 00:00:00,0.1541,0.1681,0.1432,0.1457,266366914.0
2025-01-21 01:00:00,0.1457,0.1596,0.141,0.1579,180340969.0
2025-01-21 02:00:00,0.1579,0.1612,0.1513,0.1606,110880007.0
2025-01-21 03:00:00,0.1605,0.163,0.1478,0.1563,121668371.0
2025-01-21 04:00:00,0.1563,0.1563,0.1459,0.1505,117632067.0
2025-01-21 05:00:00,0.1506,0.1508,0.1439,0.1494,102335162.0
2025-01-21 06:00:00,0.1495,0.1646,0.1471,0.1615,164635765.0
2025-01-21 07:00:00,0.1615,0.198,0.161,0.1751,456078036.0
2025-01-21 08:00:00,0.1751,0.179,0.1669,0.1685,199948918.0
2025-01-21 09:00:00,0.1686,0.1722,0.1567,0.1594,180795651.0
2025-01-21 10:00:00,0.1595,0.1644,0.1551,0.1624,119654815.0
2025-01-21 11:00:00,0.1623,0.1739,0.162,0.169,152489755.0
2025-01-21 12:00:00,0.1689,0.1694,0.1535,0.1556,130011413.0
2025-01-21 13:00:00,0.1557,0.1605,0.155,0.1587,83168059.0
2025-01-21 14:00:00,0.1587,0.1596,0.1457,0.1469,147206497.0
2025-01-21 15:00:00,0.1469,0.1484,0.1404,0.1451,136013449.0
2025-01-21 16:00:00,0.1452,0.1557,0.1447,0.1487,159085793.0
2025-01-21 17:00:00,0.1487,0.1634,0.1472,0.1613,94273251.0
2025-01-21 18:00:00,0.1613,0.1769,0.1606,0.1719,160774515.0
2025-01-21 19:00:00,0.172,0.1738,0.162,0.1638,68894680.0
2025-01-21 20:00:00,0.1638,0.1693,0.1618,0.1654,53377545.0
2025-01-21 21:00:00,0.1654,0.1658,0.1552,0.1555,48816726.0
2025-01-21 22:00:00,0.1555,0.1639,0.1538,0.1586,51161135.0
2025-01-21 23:00:00,0.1587,0.1618,0.1552,0.156,49348863.0
2025-01-22 00:00:00,0.1561,0.1574,0.1502,0.1526,62577123.0
2025-01-22 01:00:00,0.1527,0.1638,0.1487,0.1566,70704224.0
2025-01-22 02:00:00,0.1566,0.1664,0.1531,0.1619,62578320.0
2025-01-22 03:00:00,0.1619,0.1734,0.1609,0.1723,67458374.0
2025-01-22 04:00:00,0.1724,0.1932,0.1691,0.1755,157885668.0
2025-01-22 05:00:00,0.1755,0.2077,0.1754,0.2023,133675556.0
2025-01-22 06:00:00,0.2024,0.2315,0.2013,0.2205,280980701.0
2025-01-22 07:00:00,0.2205,0.2385,0.2102,0.2246,193059641.0
2025-01-22 08:00:00,0.2245,0.2289,0.2033,0.2038,168554140.0
2025-01-22 09:00:00,0.2039,0.2128,0.2013,0.2105,130259421.0
2025-01-22 10:00:00,0.2106,0.2204,0.2075,0.2181,99694422.0
2025-01-22 11:00:00,0.2181,0.2344,0.2106,0.2272,150800279.0
2025-01-22 12:00:00,0.2271,0.2433,0.2146,0.2256,218331979.0
2025-01-22 13:00:00,0.2254,0.2299,0.2124,0.2135,123893220.0
2025-01-22 14:00:00,0.2136,0.2188,0.2043,0.2093,115744492.0
2025-01-22 15:00:00,0.2094,0.2105,0.1882,0.194,157802085.0
2025-01-22 16:00:00,0.1941,0.1944,0.1818,0.1839,102601828.0
2025-01-22 17:00:00,0.1839,0.1883,0.1811,0.1852,67783996.0
2025-01-22 18:00:00,0.1851,0.1859,0.1756,0.1765,71339295.0
2025-01-22 19:00:00,0.1765,0.185,0.1761,0.1791,66638241.0
2025-01-22 20:00:00,0.1792,0.1807,0.1731,0.1739,45754073.0
2025-01-22 21:00:00,0.1739,0.176,0.171,0.1717,40641664.0
2025-01-22 22:00:00,0.1717,0.1763,0.1681,0.1693,45152964.0
2025-01-22 23:00:00,0.1693,0.1724,0.1671,0.1698,55566859.0
2025-01-23 00:00:00,0.1699,0.1785,0.1691,0.173,85221860.0
2025-01-23 01:00:00,0.1731,0.1837,0.1642,0.1659,131627527.0
2025-01-23 02:00:00,0.1658,0.1695,0.1583,0.1634,144195077.0
2025-01-23 03:00:00,0.1635,0.1694,0.1613,0.1618,74119244.0
2025-01-23 04:00:00,0.1618,0.167,0.1585,0.1592,60463443.0
2025-01-23 05:00:00,0.1592,0.164,0.1588,0.1609,59253334.0
2025-01-23 06:00:00,0.1609,0.1652,0.153,0.1549,122539031.0
2025-01-23 07:00:00,0.1549,0.163,0.1535,0.1598,88695079.0
2025-01-23 08:00:00,0.1598,0.1606,0.1554,0.1564,46734031.0
2025-01-23 09:00:00,0.1565,0.1614,0.1514,0.1545,79504109.0
2025-01-23 10:00:00,0.1545,0.157,0.15,0.1533,68600826.0
2025-01-23 11:00:00,0.1533,0.1548,0.148,0.1501,82838664.0
2025-01-23 12:00:00,0.1502,0.1546,0.1474,0.1511,100710377.0
2025-01-23 13:00:00,0.1511,0.1522,0.1456,0.1509,96330086.0
2025-01-23 14:00:00,0.1509,0.1594,0.146,0.1554,172350748.0
2025-01-23 15:00:00,0.1554,0.1588,0.1483,0.1512,141693408.0
2025-01-23 16:00:00,0.1513,0.1602,0.1509,0.1534,112721526.0
2025-01-23 17:00:00,0.1534,0.154,0.1493,0.1527,68289957.0
2025-01-23 18:00:00,0.1527,0.1574,0.1427,0.1434,83008301.0
2025-01-23 19:00:00,0.1434,0.1472,0.1421,0.1431,67912780.0
2025-01-23 20:00:00,0.143,0.1535,0.1422,0.147,102565635.0
2025-01-23 21:00:00,0.1469,0.1476,0.1424,0.1435,46627368.0
2025-01-23 22:00:00,0.1435,0.1497,0.1433,0.1477,36285043.0
2025-01-23 23:00:00,0.1478,0.148,0.1406,0.1409,52192910.0
2025-01-24 00:00:00,0.1409,0.1421,0.1254,0.1259,170096390.0
2025-01-24 01:00:00,0.1259,0.1283,0.1236,0.1251,84812248.0
2025-01-24 02:00:00,0.1251,0.1312,0.1246,0.1279,81361375.0
2025-01-24 03:00:00,0.1279,0.1401,0.1279,0.1374,120721173.0
2025-01-24 04:00:00,0.1375,0.139,0.1347,0.1365,77011347.0
2025-01-24 05:00:00,0.1364,0.1413,0.1324,0.1378,95431381.0
2025-01-24 06:00:00,0.1378,0.1381,0.1336,0.1339,59525193.0
2025-01-24 07:00:00,0.134,0.1416,0.1333,0.1344,96510469.0
2025-01-24 08:00:00,0.1344,0.1347,0.1296,0.1321,65020317.0
2025-01-24 09:00:00,0.1321,0.133,0.1271,0.1294,90471201.0
2025-01-24 10:00:00,0.1293,0.1305,0.1253,0.13,74056537.0
2025-01-24 11:00:00,0.13,0.1335,0.129,0.132,65090547.0
2025-01-24 12:00:00,0.132,0.1345,0.1276,0.1288,66461267.0
2025-01-24 13:00:00,0.1289,0.1294,0.1264,0.1268,56776720.0
2025-01-24 14:00:00,0.1269,0.1285,0.1238,0.1242,93501952.0
2025-01-24 15:00:00,0.1242,0.1266,0.1204,0.1229,100242178.0
2025-01-24 16:00:00,0.1229,0.1238,0.1192,0.1202,83405538.0
2025-01-24 17:00:00,0.1202,0.1231,0.1188,0.1219,64152922.0
2025-01-24 18:00:00,0.1219,0.1228,0.1207,0.1214,40166189.0
2025-01-24 19:00:00,0.1215,0.124,0.1192,0.1202,57289238.0
2025-01-24 20:00:00,0.1201,0.1224,0.1155,0.1164,78521505.0
2025-01-24 21:00:00,0.1165,0.1174,0.1141,0.1154,53198128.0
2025-01-24 22:00:00,0.1153,0.1169,0.1134,0.1138,50769051.0
2025-01-24 23:00:00,0.1139,0.1159,0.1122,0.1149,65515257.0
2025-01-25 00:00:00,0.1148,0.1157,0.1102,0.1108,88814262.0
2025-01-25 01:00:00,0.1108,0.1188,0.1108,0.1172,100060854.0
2025-01-25 02:00:00,0.1172,0.1183,0.1146,0.1158,64408637.0
2025-01-25 03:00:00,0.1158,0.1178,0.115,0.1166,51598522.0
2025-01-25 04:00:00,0.1165,0.1168,0.1088,0.1107,77739630.0
2025-01-25 05:00:00,0.1106,0.1168,0.1106,0.1137,79875784.0
2025-01-25 06:00:00,0.1137,0.1141,0.1115,0.1122,47662858.0
2025-01-25 07:00:00,0.1121,0.115,0.1104,0.1113,57491883.0
2025-01-25 08:00:00,0.1112,0.1137,0.1091,0.1098,77406121.0
2025-01-25 09:00:00,0.1098,0.1106,0.1057,0.1064,85130357.0
2025-01-25 10:00:00,0.1063,0.1078,0.1033,0.1075,95799234.0
2025-01-25 11:00:00,0.1074,0.1128,0.1072,0.1126,87585393.0
2025-01-25 12:00:00,0.1125,0.1169,0.1107,0.1142,98701114.0
2025-01-25 13:00:00,0.1141,0.1156,0.1115,0.1123,62723484.0
2025-01-25 14:00:00,0.1123,0.1149,0.1105,0.1138,52827570.0
2025-01-25 15:00:00,0.1137,0.1152,0.1115,0.112,53139809.0
2025-01-25 16:00:00,0.1121,0.1137,0.1091,0.1105,51541158.0
2025-01-25 17:00:00,0.1104,0.1161,0.1095,0.1139,51262176.0
2025-01-25 18:00:00,0.114,0.1194,0.1135,0.1172,103464600.0
2025-01-25 19:00:00,0.1172,0.1185,0.1148,0.116,42463100.0
2025-01-25 20:00:00,0.116,0.1161,0.1121,0.1125,50864739.0
2025-01-25 21:00:00,0.1126,0.114,0.1112,0.112,24804107.0
2025-01-25 22:00:00,0.112,0.1163,0.1119,0.1129,34736808.0
2025-01-25 23:00:00,0.1129,0.1132,0.1104,0.1114,34473461.0
2025-01-26 00:00:00,0.1114,0.1166,0.1103,0.1113,80180187.0
2025-01-26 01:00:00,0.1114,0.1189,0.1114,0.1128,70224758.0
2025-01-26 02:00:00,0.1127,0.1139,0.1105,0.1121,55627527.0
2025-01-26 03:00:00,0.1122,0.1132,0.11,0.1111,45805522.0
2025-01-26 04:00:00,0.1112,0.1126,0.1095,0.1104,50542170.0
2025-01-26 05:00:00,0.1105,0.1115,0.1072,0.1088,59575977.0
2025-01-26 06:00:00,0.1089,0.1092,0.1068,0.1087,46070214.0
2025-01-26 07:00:00,0.1087,0.1104,0.1058,0.1073,54206462.0
2025-01-26 08:00:00,0.1074,0.1086,0.105,0.1067,46035404.0
2025-01-26 09:00:00,0.1067,0.1115,0.1066,0.109,78750141.0
2025-01-26 10:00:00,0.1089,0.109,0.1035,0.1046,66962985.0
2025-01-26 11:00:00,0.1046,0.1123,0.1046,0.112,91666259.0
2025-01-26 12:00:00,0.1121,0.1121,0.1073,0.1082,77336042.0
2025-01-26 13:00:00,0.1082,0.1114,0.1082,0.1099,56594346.0
2025-01-26 14:00:00,0.1099,0.111,0.1084,0.1096,40727240.0
2025-01-26 15:00:00,0.1096,0.112,0.1088,0.1091,40023236.0
2025-01-26 16:00:00,0.109,0.1106,0.1073,0.1089,47674426.0
2025-01-26 17:00:00,0.1089,0.1133,0.1086,0.1116,38735397.0
2025-01-26 18:00:00,0.1117,0.113,0.1095,0.1096,36570239.0
2025-01-26 19:00:00,0.1097,0.1103,0.1078,0.1079,30568531.0
2025-01-26 20:00:00,0.1079,0.1089,0.1051,0.1055,31760595.0
2025-01-26 21:00:00,0.1055,0.1059,0.1024,0.1027,50959635.0
2025-01-26 22:00:00,0.1027,0.1052,0.1014,0.1022,51831611.0
2025-01-26 23:00:00,0.1022,0.1025,0.0979,0.0988,100602202.0
2025-01-27 00:00:00,0.0988,0.1018,0.0975,0.0997,84612229.0
2025-01-27 01:00:00,0.0996,0.0998,0.0933,0.0968,119442944.0
2025-01-27 02:00:00,0.0968,0.0978,0.0937,0.0942,75129052.0
2025-01-27 03:00:00,0.0943,0.096,0.0931,0.0937,64093565.0
2025-01-27 04:00:00,0.0937,0.0948,0.0913,0.0919,69918564.0
2025-01-27 05:00:00,0.0918,0.0932,0.088,0.089,92510578.0
2025-01-27 06:00:00,0.0891,0.0892,0.0814,0.0817,159192428.0
2025-01-27 07:00:00,0.0818,0.0825,0.077,0.0801,233623216.0
2025-01-27 08:00:00,0.0801,0.0817,0.0779,0.0808,122497031.0
2025-01-27 09:00:00,0.0808,0.0824,0.0796,0.0805,104442147.0
2025-01-27 10:00:00,0.0805,0.081,0.0765,0.0778,119180595.0
2025-01-27 11:00:00,0.0777,0.0813,0.0766,0.0792,95140972.0
2025-01-27 12:00:00,0.0793,0.0836,0.0792,0.0834,90498570.0
2025-01-27 13:00:00,0.0834,0.0848,0.0815,0.0819,110304780.0
2025-01-27 14:00:00,0.0818,0.0848,0.0812,0.083,104956687.0
2025-01-27 15:00:00,0.0831,0.0832,0.0805,0.0811,88466452.0
2025-01-27 16:00:00,0.0811,0.0828,0.0786,0.0798,88645615.0
2025-01-27 17:00:00,0.0798,0.082,0.0792,0.0798,76752361.0
2025-01-27 18:00:00,0.0798,0.0804,0.0765,0.0778,76888375.0
2025-01-27 19:00:00,0.0779,0.0793,0.0757,0.0774,76996442.0
2025-01-27 20:00:00,0.0774,0.09,0.0771,0.0879,131252168.0
2025-01-27 21:00:00,0.0879,0.0908,0.087,0.0871,79313959.0
2025-01-27 22:00:00,0.0871,0.0894,0.0854,0.0886,57187729.0
2025-01-27 23:00:00,0.0886,0.0918,0.0885,0.0893,73545200.0
2025-01-28 00:00:00,0.0892,0.0921,0.0891,0.0896,59152237.0
2025-01-28 01:00:00,0.0896,0.0905,0.0872,0.0889,53160125.0
2025-01-28 02:00:00,0.0889,0.0896,0.0873,0.0884,41126156.0
2025-01-28 03:00:00,0.0884,0.0906,0.087,0.0893,44942496.0
2025-01-28 04:00:00,0.0892,0.0913,0.0876,0.088,48670776.0
2025-01-28 05:00:00,0.088,0.0893,0.0862,0.0868,43501146.0
2025-01-28 06:00:00,0.0868,0.087,0.0832,0.0836,68095505.0
2025-01-28 07:00:00,0.0836,0.0853,0.0832,0.0847,50258206.0
2025-01-28 08:00:00,0.0847,0.0877,0.084,0.0858,72004877.0
2025-01-28 09:00:00,0.0858,0.0865,0.0841,0.0853,38144377.0
2025-01-28 10:00:00,0.0854,0.0866,0.0848,0.0852,42562826.0
2025-01-28 11:00:00,0.0852,0.0854,0.082,0.0833,59333991.0
2025-01-28 12:00:00,0.0833,0.0844,0.0825,0.0827,52614920.0
2025-01-28 13:00:00,0.0827,0.086,0.0825,0.084,49677881.0
2025-01-28 14:00:00,0.084,0.0842,0.0792,0.0804,127883283.0
2025-01-28 15:00:00,0.0804,0.0861,0.0804,0.0835,108132173.0
2025-01-28 16:00:00,0.0834,0.0837,0.0801,0.0806,66273617.0
2025-01-28 17:00:00,0.0806,0.0833,0.0799,0.0805,58321316.0
2025-01-28 18:00:00,0.0804,0.0824,0.0775,0.0782,79454224.0
2025-01-28 19:00:00,0.0781,0.0792,0.0771,0.0774,56618119.0
2025-01-28 20:00:00,0.0774,0.0792,0.076,0.0767,65776333.0
2025-01-28 21:00:00,0.0767,0.0791,0.0756,0.0757,59336482.0
2025-01-28 22:00:00,0.0758,0.0773,0.0743,0.0748,49316100.0
2025-01-28 23:00:00,0.0749,0.0755,0.0714,0.0733,75101334.0
2025-01-29 00:00:00,0.0734,0.0753,0.0731,0.0736,67624370.0
2025-01-29 01:00:00,0.0736,0.0768,0.0736,0.0751,45819850.0
2025-01-29 02:00:00,0.075,0.0775,0.0733,0.0734,55524754.0
2025-01-29 03:00:00,0.0735,0.0759,0.0734,0.0743,58496096.0
2025-01-29 04:00:00,0.0744,0.075,0.0733,0.0737,41247713.0
2025-01-29 05:00:00,0.0736,0.0773,0.0735,0.0766,60653674.0
2025-01-29 06:00:00,0.0767,0.0803,0.0759,0.0801,68902554.0
2025-01-29 07:00:00,0.0802,0.0817,0.0783,0.0791,59507297.0
2025-01-29 08:00:00,0.0791,0.0795,0.0768,0.0774,52311035.0
2025-01-29 09:00:00,0.0773,0.0775,0.0742,0.0744,75494135.0
2025-01-29 10:00:00,0.0745,0.0771,0.0734,0.0767,82175530.0
2025-01-29 11:00:00,0.0767,0.0768,0.0743,0.0749,63750726.0
2025-01-29 12:00:00,0.075,0.0759,0.0719,0.0722,71275471.0
2025-01-29 13:00:00,0.0721,0.074,0.0714,0.0716,92156266.0
2025-01-29 14:00:00,0.0717,0.0732,0.071,0.0728,71419626.0
2025-01-29 15:00:00,0.0727,0.074,0.0715,0.0726,70626991.0
2025-01-29 16:00:00,0.0726,0.0735,0.0711,0.0724,63334567.0
2025-01-29 17:00:00,0.0725,0.0756,0.0724,0.0737,79106195.0
2025-01-29 18:00:00,0.0737,0.075,0.0723,0.0745,74897657.0
2025-01-29 19:00:00,0.0745,0.0763,0.0674,0.0741,259719539.0
2025-01-29 20:00:00,0.0741,0.0796,0.0728,0.075,145740991.0
2025-01-29 21:00:00,0.075,0.0789,0.074,0.0755,82722525.0
2025-01-29 22:00:00,0.0755,0.0757,0.0728,0.0729,58020025.0
2025-01-29 23:00:00,0.0728,0.0735,0.0706,0.0713,51492117.0
2025-01-30 00:00:00,0.0713,0.0722,0.0702,0.071,53447807.0
2025-01-30 01:00:00,0.071,0.0773,0.0708,0.0752,99447464.0
2025-01-30 02:00:00,0.0753,0.0763,0.0738,0.0749,62980254.0
2025-01-30 03:00:00,0.0748,0.0772,0.0743,0.0771,44364176.0
2025-01-30 04:00:00,0.0771,0.0782,0.0747,0.0751,50880751.0
2025-01-30 05:00:00,0.0751,0.0759,0.0741,0.0756,46396474.0
2025-01-30 06:00:00,0.0756,0.0756,0.0732,0.0737,51455507.0
2025-01-30 07:00:00,0.0737,0.0742,0.0718,0.0734,66320465.0
2025-01-30 08:00:00,0.0735,0.0744,0.073,0.0735,49561376.0
2025-01-30 09:00:00,0.0734,0.0743,0.0721,0.0723,67543224.0
2025-01-30 10:00:00,0.0723,0.0725,0.0702,0.0716,83440983.0
2025-01-30 11:00:00,0.0717,0.0722,0.07,0.0714,69089180.0
2025-01-30 12:00:00,0.0714,0.0739,0.0713,0.073,92691294.0
2025-01-30 13:00:00,0.0731,0.0761,0.0723,0.0743,86000594.0
2025-01-30 14:00:00,0.0743,0.0776,0.0729,0.0765,92072488.0
2025-01-30 15:00:00,0.0765,0.0771,0.0738,0.074,95198108.0
2025-01-30 16:00:00,0.0741,0.0746,0.0724,0.0729,71679849.0
2025-01-30 17:00:00,0.0729,0.0729,0.0706,0.0712,62935241.0
2025-01-30 18:00:00,0.0712,0.0714,0.0682,0.0687,88036946.0
2025-01-30 19:00:00,0.0686,0.069,0.0674,0.0685,67063779.0
2025-01-30 20:00:00,0.0685,0.0694,0.0658,0.0662,89053514.0
2025-01-30 21:00:00,0.0662,0.068,0.0659,0.0662,48860687.0
2025-01-30 22:00:00,0.0663,0.0665,0.0645,0.0649,40779156.0
2025-01-30 23:00:00,0.0648,0.0653,0.0628,0.0635,72283295.0
2025-01-31 00:00:00,0.0635,0.0647,0.0613,0.0631,118573870.0
2025-01-31 01:00:00,0.0631,0.0636,0.0606,0.0623,105051251.0
2025-01-31 02:00:00,0.0623,0.064,0.0611,0.0614,98917592.0
2025-01-31 03:00:00,0.0613,0.0618,0.0595,0.0606,118571628.0
2025-01-31 04:00:00,0.0606,0.0618,0.0601,0.0602,84559193.0
2025-01-31 05:00:00,0.0603,0.0608,0.0576,0.0592,169080545.0
2025-01-31 06:00:00,0.0591,0.0594,0.058,0.0592,108442356.0
2025-01-31 07:00:00,0.0592,0.0599,0.0585,0.0595,88738503.0
2025-01-31 08:00:00,0.0595,0.0601,0.0585,0.0586,92299083.0
2025-01-31 09:00:00,0.0586,0.0674,0.0586,0.0669,278956092.0
2025-01-31 10:00:00,0.0668,0.067,0.0623,0.0637,165185677.0
2025-01-31 11:00:00,0.0637,0.0681,0.0636,0.0674,139727459.0
2025-01-31 12:00:00,0.0674,0.0706,0.0671,0.0688,138373300.0
2025-01-31 13:00:00,0.0687,0.0691,0.0651,0.0661,119704992.0
2025-01-31 14:00:00,0.0662,0.0668,0.0639,0.0645,100025936.0
2025-01-31 15:00:00,0.0644,0.0688,0.0644,0.0671,111913594.0
2025-01-31 16:00:00,0.0671,0.0691,0.0654,0.0659,85709066.0
2025-01-31 17:00:00,0.0659,0.0665,0.0601,0.0607,117534506.0
2025-01-31 18:00:00,0.0607,0.0609,0.0576,0.0587,157959129.0
2025-01-31 19:00:00,0.0587,0.0636,0.0585,0.0628,130320942.0
2025-01-31 20:00:00,0.0628,0.0637,0.0616,0.0625,66692724.0
2025-01-31 21:00:00,0.0625,0.0629,0.0611,0.0619,50144946.0
2025-01-31 22:00:00,0.062,0.062,0.0602,0.0614,42910891.0
2025-01-31 23:00:00,0.0613,0.0624,0.0602,0.0605,52081263.0
2025-02-01 00:00:00,0.0605,0.0612,0.0596,0.061,77725902.0
2025-02-01 01:00:00,0.061,0.0654,0.061,0.064,134103437.0
2025-02-01 02:00:00,0.064,0.064,0.061,0.0615,81469045.0
2025-02-01 03:00:00,0.0614,0.0619,0.0582,0.0597,117965574.0
2025-02-01 04:00:00,0.0598,0.062,0.0591,0.0607,74001785.0
2025-02-01 05:00:00,0.0607,0.061,0.0596,0.0599,51198712.0
2025-02-01 06:00:00,0.06,0.06,0.0584,0.0592,83646937.0
2025-02-01 07:00:00,0.0592,0.0593,0.0561,0.0581,152874139.0
2025-02-01 08:00:00,0.0581,0.0608,0.0578,0.0595,136195333.0
2025-02-01 09:00:00,0.0594,0.0594,0.0573,0.0588,120476666.0
2025-02-01 10:00:00,0.0588,0.0609,0.0584,0.0585,104770226.0
2025-02-01 11:00:00,0.0586,0.061,0.0583,0.0609,78309819.0
2025-02-01 12:00:00,0.0609,0.0619,0.0593,0.0613,95967689.0
2025-02-01 13:00:00,0.0612,0.0637,0.0611,0.0621,119357389.0
2025-02-01 14:00:00,0.0622,0.0641,0.0618,0.0635,96514707.0
2025-02-01 15:00:00,0.0634,0.0659,0.0625,0.0633,136873847.0
2025-02-01 16:00:00,0.0632,0.0653,0.0624,0.0627,128133744.0
2025-02-01 17:00:00,0.0627,0.0679,0.0627,0.0674,183797000.0
2025-02-01 18:00:00,0.0674,0.0684,0.0577,0.0595,350810924.0
2025-02-01 19:00:00,0.0594,0.0597,0.052,0.053,349838281.0
2025-02-01 20:00:00,0.053,0.0555,0.0508,0.0548,266548453.0
2025-02-01 21:00:00,0.0549,0.056,0.0522,0.0531,132706131.0
2025-02-01 22:00:00,0.0531,0.0543,0.0507,0.0515,95307951.0
2025-02-01 23:00:00,0.0514,0.0519,0.05,0.0503,115914303.0
2025-02-02 00:00:00,0.0503,0.0544,0.0503,0.0527,155369346.0
2025-02-02 01:00:00,0.0526,0.0544,0.0521,0.0533,97944050.0
2025-02-02 02:00:00,0.0534,0.054,0.0526,0.0529,82178229.0
2025-02-02 03:00:00,0.0529,0.0556,0.0526,0.0536,161372929.0
2025-02-02 04:00:00,0.0535,0.0564,0.0534,0.0544,104730588.0
2025-02-02 05:00:00,0.0544,0.0558,0.0523,0.0542,103649317.0
2025-02-02 06:00:00,0.0541,0.0565,0.0538,0.055,123794263.0
2025-02-02 07:00:00,0.0551,0.0559,0.0542,0.0546,67413554.0
2025-02-02 08:00:00,0.0546,0.0563,0.0534,0.0558,87170178.0
2025-02-02 09:00:00,0.0559,0.0559,0.0542,0.0551,70577846.0
2025-02-02 10:00:00,0.0551,0.0562,0.0527,0.0534,103238296.0
2025-02-02 11:00:00,0.0533,0.0549,0.053,0.0531,81992881.0
2025-02-02 12:00:00,0.0532,0.0549,0.0521,0.0524,96654324.0
2025-02-02 13:00:00,0.0523,0.0585,0.0523,0.0578,189810068.0
2025-02-02 14:00:00,0.0578,0.0617,0.0574,0.0606,173048827.0
2025-02-02 15:00:00,0.0606,0.0611,0.0583,0.0599,151035513.0
2025-02-02 16:00:00,0.0598,0.0609,0.0571,0.0582,180840361.0
2025-02-02 17:00:00,0.0581,0.0607,0.0573,0.0588,179237179.0
2025-02-02 18:00:00,0.0589,0.059,0.0495,0.05,278051616.0
2025-02-02 19:00:00,0.0499,0.0532,0.045,0.0518,485974688.0
2025-02-02 20:00:00,0.0518,0.0552,0.0514,0.0524,155746835.0
2025-02-02 21:00:00,0.0524,0.0525,0.0502,0.0504,127989676.0
2025-02-02 22:00:00,0.0505,0.0515,0.045,0.0491,176954249.0
2025-02-02 23:00:00,0.049,0.0514,0.0466,0.05,228785937.0
2025-02-03 00:00:00,0.0499,0.0519,0.0467,0.0494,240699782.0
2025-02-03 01:00:00,0.0494,0.0501,0.0379,0.0423,336653217.0
2025-02-03 02:00:00,0.0424,0.0428,0.0349,0.0381,482996334.0
2025-02-03 03:00:00,0.0382,0.0417,0.0381,0.0406,205044299.0
2025-02-03 04:00:00,0.0406,0.0422,0.0385,0.0386,166402380.0
2025-02-03 05:00:00,0.0387,0.0432,0.0387,0.043,160414015.0
2025-02-03 06:00:00,0.0429,0.043,0.0412,0.042,116379575.0
2025-02-03 07:00:00,0.042,0.0445,0.0419,0.044,124690660.0
2025-02-03 08:00:00,0.0439,0.044,0.0417,0.0427,116720472.0
2025-02-03 09:00:00,0.0428,0.0456,0.0425,0.0437,158893575.0
2025-02-03 10:00:00,0.0436,0.0474,0.0435,0.0465,112037006.0
2025-02-03 11:00:00,0.0466,0.0472,0.0445,0.0447,78324049.0
2025-02-03 12:00:00,0.0448,0.0453,0.0429,0.0431,115463570.0
2025-02-03 13:00:00,0.043,0.047,0.0429,0.0463,122898884.0
2025-02-03 14:00:00,0.0464,0.0505,0.044,0.0503,270771118.0
2025-02-03 15:00:00,0.0503,0.0645,0.0492,0.0613,446581184.0
2025-02-03 16:00:00,0.0614,0.0636,0.0556,0.0567,254992975.0
2025-02-03 17:00:00,0.0567,0.0607,0.0566,0.0579,107030645.0
2025-02-03 18:00:00,0.0579,0.0612,0.0571,0.0598,93245684.0
2025-02-03 19:00:00,0.0599,0.0627,0.0594,0.0606,103644556.0
2025-02-03 20:00:00,0.0606,0.0617,0.0584,0.0598,86494126.0
2025-02-03 21:00:00,0.0599,0.0639,0.0585,0.0629,88946680.0
2025-02-03 22:00:00,0.0629,0.0648,0.0611,0.0626,92000666.0
2025-02-03 23:00:00,0.0626,0.0659,0.0618,0.0648,99393083.0
2025-02-04 00:00:00,0.0647,0.0663,0.0623,0.0625,112439655.0
2025-02-04 01:00:00,0.0624,0.0639,0.0611,0.0637,71925125.0
2025-02-04 02:00:00,0.0637,0.0694,0.0637,0.0645,198930716.0
2025-02-04 03:00:00,0.0645,0.067,0.0642,0.0661,111749366.0
2025-02-04 04:00:00,0.0661,0.0673,0.0594,0.0599,172486999.0
2025-02-04 05:00:00,0.06,0.0604,0.0543,0.0546,343829562.0
2025-02-04 06:00:00,0.0546,0.0562,0.0508,0.0532,251558244.0
2025-02-04 07:00:00,0.0533,0.0552,0.0525,0.0533,138358402.0
2025-02-04 08:00:00,0.0533,0.0545,0.0518,0.0524,116989694.0
2025-02-04 09:00:00,0.0523,0.0541,0.0516,0.0517,92299391.0
2025-02-04 10:00:00,0.0518,0.0561,0.0517,0.054,118649443.0
2025-02-04 11:00:00,0.0539,0.0566,0.0535,0.054,93662247.0
2025-02-04 12:00:00,0.054,0.0549,0.053,0.0541,85349627.0
2025-02-04 13:00:00,0.0541,0.0592,0.0538,0.056,183453739.0
2025-02-04 14:00:00,0.056,0.0619,0.0546,0.0573,220509382.0
2025-02-04 15:00:00,0.0573,0.0585,0.0541,0.0558,127263299.0
2025-02-04 16:00:00,0.0558,0.0565,0.0533,0.0544,77478346.0
2025-02-04 17:00:00,0.0545,0.0554,0.0528,0.0532,54781305.0
2025-02-04 18:00:00,0.0533,0.0551,0.0531,0.0547,56274770.0
2025-02-04 19:00:00,0.0547,0.0577,0.0523,0.0524,115290649.0
2025-02-04 20:00:00,0.0524,0.0532,0.0514,0.0519,115972109.0
2025-02-04 21:00:00,0.0518,0.0519,0.049,0.0493,115139768.0
2025-02-04 22:00:00,0.0493,0.0498,0.0481,0.0488,63959980.0
2025-02-04 23:00:00,0.0489,0.051,0.0481,0.05,93949257.0
2025-02-05 00:00:00,0.05,0.0518,0.05,0.0506,97736998.0
2025-02-05 01:00:00,0.0506,0.0532,0.0506,0.0516,74674923.0
2025-02-05 02:00:00,0.0515,0.0523,0.0507,0.0517,85264444.0
2025-02-05 03:00:00,0.0517,0.0521,0.0509,0.0512,54005709.0
2025-02-05 04:00:00,0.0511,0.052,0.0502,0.051,59456780.0
2025-02-05 05:00:00,0.051,0.052,0.0494,0.0519,82661074.0
2025-02-05 06:00:00,0.0518,0.0519,0.0497,0.0499,68282033.0
2025-02-05 07:00:00,0.0499,0.05,0.0486,0.0496,82068369.0
2025-02-05 08:00:00,0.0496,0.051,0.0484,0.0487,75419732.0
2025-02-05 09:00:00,0.0487,0.0506,0.0475,0.0486,107907713.0
2025-02-05 10:00:00,0.0485,0.0507,0.048,0.0499,101407834.0
2025-02-05 11:00:00,0.05,0.051,0.0498,0.0502,77214876.0
2025-02-05 12:00:00,0.0503,0.0507,0.0483,0.0483,78802179.0
2025-02-05 13:00:00,0.0484,0.0501,0.048,0.0494,90692856.0
2025-02-05 14:00:00,0.0495,0.0515,0.0489,0.0493,110722497.0
2025-02-05 15:00:00,0.0494,0.0499,0.0439,0.045,271372787.0
2025-02-05 16:00:00,0.045,0.046,0.0413,0.0428,331817505.0
2025-02-05 17:00:00,0.0429,0.0438,0.0408,0.0413,181164956.0
2025-02-05 18:00:00,0.0412,0.0425,0.0405,0.0413,126227759.0
2025-02-05 19:00:00,0.0413,0.0426,0.0409,0.0417,122928870.0
2025-02-05 20:00:00,0.0417,0.0427,0.0385,0.0397,207256637.0
2025-02-05 21:00:00,0.0397,0.0404,0.0391,0.0394,93128259.0
2025-02-05 22:00:00,0.0394,0.0397,0.0382,0.0384,90074878.0
2025-02-05 23:00:00,0.0383,0.0396,0.0383,0.0387,87392207.0
2025-02-06 00:00:00,0.0386,0.0409,0.0386,0.0396,149161352.0
2025-02-06 01:00:00,0.0397,0.041,0.0393,0.0394,129634055.0
2025-02-06 02:00:00,0.0395,0.0408,0.0393,0.0397,146141006.0
2025-02-06 03:00:00,0.0397,0.0399,0.0384,0.0387,137779219.0
2025-02-06 04:00:00,0.0388,0.0395,0.0375,0.039,185183079.0
2025-02-06 05:00:00,0.0389,0.0392,0.0366,0.0372,154956164.0
2025-02-06 06:00:00,0.0372,0.0388,0.0366,0.0385,155267480.0
2025-02-06 07:00:00,0.0384,0.0386,0.0363,0.0371,162563348.0
2025-02-06 08:00:00,0.0371,0.0376,0.0362,0.0366,164382350.0
2025-02-06 09:00:00,0.0367,0.0386,0.0363,0.0374,245184102.0
2025-02-06 10:00:00,0.0374,0.0379,0.0365,0.0367,145432578.0
2025-02-06 11:00:00,0.0367,0.0368,0.0351,0.0361,249964604.0
2025-02-06 12:00:00,0.0361,0.0367,0.0324,0.0341,425538497.0
2025-02-06 13:00:00,0.0342,0.0362,0.0337,0.0356,343264616.0
2025-02-06 14:00:00,0.0357,0.0362,0.0342,0.0345,281927597.0
2025-02-06 15:00:00,0.0345,0.0351,0.0337,0.0344,304318452.0
2025-02-06 16:00:00,0.0344,0.0349,0.0333,0.0344,223761642.0
2025-02-06 17:00:00,0.0344,0.0367,0.0337,0.0355,235432320.0
2025-02-06 18:00:00,0.0355,0.0363,0.0352,0.0353,135280809.0
2025-02-06 19:00:00,0.0354,0.0371,0.035,0.0358,143804466.0
2025-02-06 20:00:00,0.0358,0.0369,0.0355,0.0364,124980702.0
2025-02-06 21:00:00,0.0364,0.0367,0.0351,0.0362,96114230.0
2025-02-06 22:00:00,0.0361,0.0363,0.0351,0.0355,56599695.0
2025-02-06 23:00:00,0.0354,0.0358,0.0344,0.0347,60719869.0
2025-02-07 00:00:00,0.0348,0.0368,0.0343,0.0346,181413344.0
2025-02-07 01:00:00,0.0346,0.0382,0.0343,0.0365,203333341.0
2025-02-07 02:00:00,0.0366,0.0373,0.0355,0.0361,128740730.0
2025-02-07 03:00:00,0.0361,0.0366,0.0352,0.0355,88902404.0
2025-02-07 04:00:00,0.0354,0.0369,0.0353,0.036,97712056.0
2025-02-07 05:00:00,0.0359,0.036,0.0342,0.0347,120025971.0
2025-02-07 06:00:00,0.0346,0.0348,0.0338,0.0346,127863676.0
2025-02-07 07:00:00,0.0346,0.0368,0.0345,0.0356,164514726.0
2025-02-07 08:00:00,0.0356,0.0368,0.0353,0.0362,125713974.0
2025-02-07 09:00:00,0.0363,0.0368,0.036,0.0366,104893164.0
2025-02-07 10:00:00,0.0366,0.0376,0.0365,0.0367,130099008.0
2025-02-07 11:00:00,0.0367,0.0379,0.0364,0.0378,134132083.0
2025-02-07 12:00:00,0.0377,0.039,0.037,0.0381,171665754.0
2025-02-07 13:00:00,0.0381,0.0429,0.0373,0.042,390984820.0
2025-02-07 14:00:00,0.042,0.0468,0.0416,0.0453,509173743.0
2025-02-07 15:00:00,0.0453,0.0454,0.0406,0.041,483477749.0
2025-02-07 16:00:00,0.041,0.0416,0.0387,0.0394,291488062.0
2025-02-07 17:00:00,0.0393,0.0399,0.0381,0.0383,211811947.0
2025-02-07 18:00:00,0.0383,0.039,0.0371,0.0374,165528964.0
2025-02-07 19:00:00,0.0373,0.0376,0.0361,0.0364,151696491.0
2025-02-07 20:00:00,0.0365,0.0377,0.0362,0.0367,171555535.0
2025-02-07 21:00:00,0.0367,0.0374,0.0361,0.0362,82675411.0
2025-02-07 22:00:00,0.0363,0.0364,0.0354,0.0357,72686192.0
2025-02-07 23:00:00,0.0357,0.037,0.0355,0.0367,102473496.0
2025-02-08 00:00:00,0.0367,0.038,0.0364,0.0378,156045119.0
2025-02-08 01:00:00,0.0377,0.0378,0.0364,0.0366,82356097.0
2025-02-08 02:00:00,0.0366,0.038,0.036,0.038,111151588.0
2025-02-08 03:00:00,0.0379,0.0393,0.0374,0.0383,205362238.0
2025-02-08 04:00:00,0.0383,0.0393,0.0379,0.0382,112065615.0
2025-02-08 05:00:00,0.0381,0.0414,0.0379,0.0405,203628027.0
2025-02-08 06:00:00,0.0405,0.0444,0.0405,0.0424,418467140.0
2025-02-08 07:00:00,0.0423,0.0454,0.0409,0.0447,331489688.0
2025-02-08 08:00:00,0.0447,0.0461,0.0442,0.0456,297683653.0
2025-02-08 09:00:00,0.0456,0.0495,0.045,0.049,423303988.0
2025-02-08 10:00:00,0.0491,0.0496,0.0458,0.0466,425955966.0
2025-02-08 11:00:00,0.0467,0.0491,0.0463,0.0486,329467544.0
2025-02-08 12:00:00,0.0487,0.0524,0.0471,0.0505,475669663.0
2025-02-08 13:00:00,0.0505,0.0555,0.0502,0.0534,753629115.0
2025-02-08 14:00:00,0.0534,0.0535,0.0504,0.0513,396154231.0
2025-02-08 15:00:00,0.0514,0.0522,0.0495,0.0498,292024066.0
2025-02-08 16:00:00,0.0497,0.0516,0.0481,0.0514,385083355.0
2025-02-08 17:00:00,0.0513,0.0559,0.0511,0.0545,404188536.0
2025-02-08 18:00:00,0.0546,0.0552,0.0525,0.0534,220158471.0
2025-02-08 19:00:00,0.0535,0.0581,0.0534,0.056,297475450.0
2025-02-08 20:00:00,0.0561,0.0572,0.0547,0.055,167898645.0
2025-02-08 21:00:00,0.0551,0.0558,0.0534,0.0539,133567659.0
2025-02-08 22:00:00,0.0539,0.0539,0.051,0.0513,119466073.0
2025-02-08 23:00:00,0.0514,0.0527,0.0505,0.051,134284002.0
2025-02-09 00:00:00,0.051,0.0513,0.048,0.0484,198818059.0
2025-02-09 01:00:00,0.0484,0.0531,0.0475,0.0513,355206514.0
2025-02-09 02:00:00,0.0513,0.0523,0.0491,0.0492,187194362.0
2025-02-09 03:00:00,0.0491,0.0548,0.0487,0.0528,249562485.0
2025-02-09 04:00:00,0.0528,0.0538,0.0512,0.0513,136987947.0
2025-02-09 05:00:00,0.0513,0.0533,0.0511,0.0519,119454500.0
2025-02-09 06:00:00,0.0519,0.0532,0.0509,0.0531,149165741.0
2025-02-09 07:00:00,0.053,0.0547,0.0511,0.0516,165566436.0
2025-02-09 08:00:00,0.0515,0.0522,0.048,0.0483,204458636.0
2025-02-09 09:00:00,0.0483,0.0484,0.0454,0.0458,202783987.0
2025-02-09 10:00:00,0.0458,0.0466,0.0448,0.0452,178010420.0
2025-02-09 11:00:00,0.0452,0.0464,0.0445,0.0453,148115955.0
2025-02-09 12:00:00,0.0453,0.0488,0.0451,0.0478,195546714.0
2025-02-09 13:00:00,0.0478,0.0489,0.0469,0.0484,148311258.0
2025-02-09 14:00:00,0.0485,0.0495,0.047,0.0471,129251798.0
2025-02-09 15:00:00,0.0471,0.049,0.047,0.0484,96088051.0
2025-02-09 16:00:00,0.0484,0.0487,0.0474,0.0484,86094033.0
2025-02-09 17:00:00,0.0483,0.0488,0.0471,0.0473,80236494.0
2025-02-09 18:00:00,0.0473,0.0497,0.0473,0.0483,100992418.0
2025-02-09 19:00:00,0.0484,0.0493,0.0482,0.049,72286705.0
2025-02-09 20:00:00,0.0489,0.052,0.0486,0.0496,128013705.0
2025-02-09 21:00:00,0.0496,0.0498,0.0477,0.0484,134315573.0
2025-02-09 22:00:00,0.0483,0.0524,0.0472,0.0511,139700128.0
2025-02-09 23:00:00,0.0511,0.0536,0.0508,0.0519,112950955.0
2025-02-10 00:00:00,0.052,0.0554,0.052,0.054,209672560.0
2025-02-10 01:00:00,0.054,0.0543,0.0498,0.05,178287592.0
2025-02-10 02:00:00,0.0501,0.0509,0.0479,0.0483,176033651.0
2025-02-10 03:00:00,0.0483,0.0531,0.0478,0.0524,224143059.0
2025-02-10 04:00:00,0.0523,0.0554,0.052,0.0534,191006142.0
2025-02-10 05:00:00,0.0534,0.0566,0.0531,0.0551,175016002.0
2025-02-10 06:00:00,0.055,0.0553,0.0524,0.0524,143742066.0
2025-02-10 07:00:00,0.0524,0.0542,0.0507,0.0512,157935954.0
2025-02-10 08:00:00,0.0513,0.057,0.051,0.0561,294645491.0
2025-02-10 09:00:00,0.0561,0.0577,0.0551,0.0566,225805484.0
2025-02-10 10:00:00,0.0566,0.058,0.0555,0.0559,228639519.0
2025-02-10 11:00:00,0.056,0.0617,0.0559,0.059,380101086.0
2025-02-10 12:00:00,0.0589,0.0607,0.0582,0.0602,234113100.0
2025-02-10 13:00:00,0.0602,0.0682,0.0588,0.0673,421388994.0
2025-02-10 14:00:00,0.0672,0.0692,0.0636,0.0643,455736695.0
2025-02-10 15:00:00,0.0643,0.0668,0.0615,0.0628,277219865.0
2025-02-10 16:00:00,0.0629,0.0635,0.0615,0.0618,161821443.0
2025-02-10 17:00:00,0.0617,0.0635,0.0604,0.0614,132692788.0
2025-02-10 18:00:00,0.0614,0.0624,0.0604,0.0613,92661304.0
2025-02-10 19:00:00,0.0613,0.0626,0.0599,0.0606,92575882.0
2025-02-10 20:00:00,0.0606,0.0619,0.0597,0.0601,78735618.0
2025-02-10 21:00:00,0.06,0.061,0.0592,0.0592,63356272.0
2025-02-10 22:00:00,0.0592,0.06,0.058,0.0583,73312523.0
2025-02-10 23:00:00,0.0584,0.0592,0.0576,0.0582,75411584.0
2025-02-11 00:00:00,0.0582,0.0611,0.0577,0.06,142766622.0
2025-02-11 01:00:00,0.06,0.0633,0.0599,0.0607,157279883.0
2025-02-11 02:00:00,0.0608,0.0622,0.0598,0.0611,140191757.0
2025-02-11 03:00:00,0.0611,0.0651,0.061,0.0625,138105779.0
2025-02-11 04:00:00,0.0625,0.0649,0.061,0.0646,148456635.0
2025-02-11 05:00:00,0.0646,0.0661,0.0626,0.0636,186243961.0
2025-02-11 06:00:00,0.0637,0.0648,0.0614,0.0626,136158736.0
2025-02-11 07:00:00,0.0626,0.0643,0.0603,0.0623,107448048.0
2025-02-11 08:00:00,0.0623,0.0631,0.0582,0.0594,100790519.0
2025-02-11 09:00:00,0.0594,0.0604,0.058,0.0582,93101292.0
2025-02-11 10:00:00,0.0583,0.0585,0.0566,0.0573,120821995.0
2025-02-11 11:00:00,0.0573,0.0575,0.0558,0.0565,79742088.0
2025-02-11 12:00:00,0.0565,0.0578,0.0555,0.0572,100861412.0
2025-02-11 13:00:00,0.0571,0.0572,0.0545,0.055,132072204.0
2025-02-11 14:00:00,0.055,0.056,0.0533,0.0547,147656863.0
2025-02-11 15:00:00,0.0547,0.0572,0.0545,0.0555,159998456.0
2025-02-11 16:00:00,0.0556,0.0566,0.0542,0.0552,102104618.0
2025-02-11 17:00:00,0.0553,0.0559,0.0542,0.0548,70326590.0
2025-02-11 18:00:00,0.0548,0.0564,0.0539,0.0547,78822330.0
2025-02-11 19:00:00,0.0547,0.0551,0.053,0.0537,99496353.0
2025-02-11 20:00:00,0.0537,0.0546,0.0528,0.0536,81343424.0
2025-02-11 21:00:00,0.0536,0.0541,0.0526,0.0531,76706315.0
2025-02-11 22:00:00,0.0531,0.0542,0.0519,0.0523,57035898.0
2025-02-11 23:00:00,0.0524,0.0543,0.0523,0.0533,76406302.0
2025-02-12 00:00:00,0.0533,0.0543,0.0521,0.0537,107107322.0
2025-02-12 01:00:00,0.0537,0.054,0.0513,0.0521,139324246.0
2025-02-12 02:00:00,0.0521,0.0526,0.0507,0.051,115898289.0
2025-02-12 03:00:00,0.0511,0.052,0.0502,0.0505,109588630.0
2025-02-12 04:00:00,0.0505,0.051,0.0493,0.0503,121536143.0
2025-02-12 05:00:00,0.0504,0.0505,0.0491,0.0495,88424977.0
2025-02-12 06:00:00,0.0496,0.0499,0.048,0.0485,96465831.0
2025-02-12 07:00:00,0.0484,0.0502,0.0483,0.0491,108874043.0
2025-02-12 08:00:00,0.0491,0.0492,0.0472,0.048,124404117.0
2025-02-12 09:00:00,0.048,0.048,0.0463,0.0469,111513530.0
2025-02-12 10:00:00,0.0469,0.0474,0.0456,0.0459,75769205.0
2025-02-12 11:00:00,0.0459,0.0472,0.0458,0.0462,97910692.0
2025-02-12 12:00:00,0.0463,0.0472,0.0453,0.0453,127637218.0
2025-02-12 13:00:00,0.0454,0.0478,0.0429,0.044,356195626.0
2025-02-12 14:00:00,0.0439,0.0451,0.0431,0.0443,243272804.0
2025-02-12 15:00:00,0.0444,0.0449,0.0424,0.0427,183181849.0
2025-02-12 16:00:00,0.0427,0.045,0.0408,0.0446,263325552.0
2025-02-12 17:00:00,0.0446,0.0454,0.0431,0.0437,221153575.0
2025-02-12 18:00:00,0.0437,0.0445,0.0432,0.0435,101172028.0
2025-02-12 19:00:00,0.0435,0.0443,0.0429,0.0433,102372913.0
2025-02-12 20:00:00,0.0433,0.0444,0.0424,0.043,116768222.0
2025-02-12 21:00:00,0.043,0.0451,0.0426,0.0436,129604583.0
2025-02-12 22:00:00,0.0437,0.0467,0.0434,0.0461,132023006.0
2025-02-12 23:00:00,0.0461,0.0467,0.045,0.0458,118189976.0
2025-02-13 00:00:00,0.0457,0.047,0.045,0.0462,141389023.0
2025-02-13 01:00:00,0.0463,0.0469,0.0452,0.0462,127066414.0
2025-02-13 02:00:00,0.0463,0.0465,0.0445,0.0455,137536016.0
2025-02-13 03:00:00,0.0456,0.048,0.0451,0.0478,138636751.0
2025-02-13 04:00:00,0.0477,0.0478,0.0439,0.0444,166433449.0
2025-02-13 05:00:00,0.0444,0.0447,0.0439,0.0446,85290021.0
2025-02-13 06:00:00,0.0447,0.0447,0.0428,0.0435,133288510.0
2025-02-13 07:00:00,0.0434,0.0444,0.0421,0.0425,106886150.0
2025-02-13 08:00:00,0.0424,0.0432,0.0418,0.0427,114965853.0
2025-02-13 09:00:00,0.0426,0.0437,0.0424,0.0431,100710179.0
2025-02-13 10:00:00,0.043,0.0434,0.0424,0.0428,116295271.0
2025-02-13 11:00:00,0.0428,0.0445,0.0422,0.0445,146016147.0
2025-02-13 12:00:00,0.0445,0.0446,0.0431,0.0437,99683508.0
2025-02-13 13:00:00,0.0436,0.044,0.0423,0.0429,140804312.0
2025-02-13 14:00:00,0.0429,0.0432,0.0414,0.0422,186157138.0
2025-02-13 15:00:00,0.0422,0.0448,0.042,0.0428,193641337.0
2025-02-13 16:00:00,0.0428,0.0431,0.0417,0.0423,122678465.0
2025-02-13 17:00:00,0.0424,0.0442,0.0423,0.0435,104059146.0
2025-02-13 18:00:00,0.0435,0.0443,0.0432,0.0441,72704241.0
2025-02-13 19:00:00,0.044,0.0452,0.0435,0.0435,76138868.0
2025-02-13 20:00:00,0.0436,0.0447,0.0435,0.0439,64851688.0
2025-02-13 21:00:00,0.0439,0.0444,0.0434,0.0437,71737911.0
2025-02-13 22:00:00,0.0436,0.0439,0.0431,0.0433,45997412.0
2025-02-13 23:00:00,0.0433,0.0447,0.0431,0.0442,59919952.0
2025-02-14 00:00:00,0.0442,0.0444,0.043,0.044,79914670.0
2025-02-14 01:00:00,0.044,0.0444,0.0425,0.043,104268826.0
2025-02-14 02:00:00,0.043,0.0442,0.0422,0.0423,94989051.0
2025-02-14 03:00:00,0.0423,0.0438,0.0422,0.0435,93032372.0
2025-02-14 04:00:00,0.0436,0.0437,0.042,0.0423,92391127.0
2025-02-14 05:00:00,0.0424,0.0433,0.042,0.0423,87850337.0
2025-02-14 06:00:00,0.0423,0.0424,0.0409,0.0413,118712183.0
2025-02-14 07:00:00,0.0412,0.0424,0.0409,0.0419,92851511.0
2025-02-14 08:00:00,0.0418,0.0424,0.041,0.0418,112719964.0
2025-02-14 09:00:00,0.0418,0.0445,0.0414,0.0442,157979891.0
2025-02-14 10:00:00,0.0441,0.0452,0.0435,0.0438,141394342.0
2025-02-14 11:00:00,0.0438,0.0445,0.0422,0.043,111643478.0
2025-02-14 12:00:00,0.0429,0.0435,0.0421,0.0425,95224195.0
2025-02-14 13:00:00,0.0425,0.0432,0.0415,0.0422,119251108.0
2025-02-14 14:00:00,0.0421,0.0451,0.0419,0.0448,178056563.0
2025-02-14 15:00:00,0.0447,0.0451,0.0427,0.045,260145466.0
2025-02-14 16:00:00,0.045,0.0451,0.0425,0.0439,154673993.0
2025-02-14 17:00:00,0.0439,0.0466,0.0435,0.0445,178605554.0
2025-02-14 18:00:00,0.0444,0.0459,0.0438,0.0444,132342624.0
2025-02-14 19:00:00,0.0444,0.0448,0.0414,0.042,130447834.0
2025-02-14 20:00:00,0.042,0.0422,0.0408,0.0416,112214845.0
2025-02-14 21:00:00,0.0415,0.0421,0.041,0.0413,87784667.0
2025-02-14 22:00:00,0.0413,0.0419,0.037,0.0376,229603779.0
2025-02-14 23:00:00,0.0375,0.0391,0.037,0.0384,154771460.0
2025-02-15 00:00:00,0.0384,0.0385,0.0372,0.0376,126160770.0
2025-02-15 01:00:00,0.0375,0.0384,0.0366,0.0382,131170712.0
2025-02-15 02:00:00,0.0381,0.0391,0.0376,0.0381,134894512.0
2025-02-15 03:00:00,0.0381,0.0385,0.0376,0.0379,61952907.0
2025-02-15 04:00:00,0.0379,0.0386,0.0373,0.0377,100889584.0
2025-02-15 05:00:00,0.0378,0.0385,0.0376,0.0382,93341217.0
2025-02-15 06:00:00,0.0382,0.0382,0.0369,0.0372,133395652.0
2025-02-15 07:00:00,0.0372,0.0385,0.0368,0.0383,111691443.0
2025-02-15 08:00:00,0.0382,0.0382,0.0375,0.0379,69043424.0
2025-02-15 09:00:00,0.0379,0.0383,0.035,0.0361,266559905.0
2025-02-15 10:00:00,0.0361,0.0363,0.0355,0.0363,117749108.0
2025-02-15 11:00:00,0.0363,0.0366,0.0351,0.0357,140634224.0
2025-02-15 12:00:00,0.0356,0.036,0.0347,0.0353,118876150.0
2025-02-15 13:00:00,0.0352,0.0356,0.034,0.0346,121550455.0
2025-02-15 14:00:00,0.0345,0.0347,0.0328,0.0339,283366626.0
2025-02-15 15:00:00,0.0339,0.0344,0.0334,0.0335,114785843.0
2025-02-15 16:00:00,0.0335,0.034,0.0328,0.0333,147796345.0
2025-02-15 17:00:00,0.0332,0.0345,0.033,0.0344,108940378.0
2025-02-15 18:00:00,0.0343,0.0373,0.034,0.0363,188622486.0
2025-02-15 19:00:00,0.0362,0.0365,0.0356,0.0362,107611427.0
2025-02-15 20:00:00,0.0361,0.0367,0.0357,0.036,65257149.0
2025-02-15 21:00:00,0.0359,0.0368,0.0356,0.0366,59914896.0
2025-02-15 22:00:00,0.0366,0.0373,0.0363,0.0368,50345100.0
2025-02-15 23:00:00,0.0368,0.0375,0.0366,0.037,49586013.0
2025-02-16 00:00:00,0.037,0.0376,0.0366,0.0368,68015018.0
2025-02-16 01:00:00,0.0369,0.0373,0.0362,0.0369,90549592.0
2025-02-16 02:00:00,0.0368,0.0375,0.0363,0.037,64605883.0
2025-02-16 03:00:00,0.0369,0.0389,0.0367,0.0389,159659003.0
2025-02-16 04:00:00,0.0389,0.0414,0.0383,0.0412,268732822.0
2025-02-16 05:00:00,0.0412,0.0426,0.0404,0.042,226321960.0
2025-02-16 06:00:00,0.0421,0.0437,0.0418,0.0432,274096924.0
2025-02-16 07:00:00,0.0432,0.0452,0.0428,0.0449,396555440.0
2025-02-16 08:00:00,0.0449,0.047,0.0445,0.046,409759723.0
2025-02-16 09:00:00,0.0461,0.0466,0.0445,0.046,275530495.0
2025-02-16 10:00:00,0.0459,0.0476,0.0456,0.0467,290511079.0
2025-02-16 11:00:00,0.0466,0.0479,0.0462,0.0467,264575486.0
2025-02-16 12:00:00,0.0468,0.0472,0.0459,0.047,194739198.0
2025-02-16 13:00:00,0.0469,0.0479,0.0446,0.045,369135975.0
2025-02-16 14:00:00,0.045,0.0473,0.0443,0.0468,395075143.0
2025-02-16 15:00:00,0.0467,0.0479,0.0465,0.0466,251226465.0
2025-02-16 16:00:00,0.0466,0.0505,0.0461,0.0482,566725488.0
2025-02-16 17:00:00,0.0481,0.0492,0.0468,0.0476,316806647.0
2025-02-16 18:00:00,0.0475,0.0478,0.0464,0.0465,197332960.0
2025-02-16 19:00:00,0.0465,0.0472,0.0458,0.0468,153659362.0
2025-02-16 20:00:00,0.0469,0.0469,0.0458,0.0461,118718959.0
2025-02-16 21:00:00,0.0461,0.0467,0.0455,0.0463,144149167.0
2025-02-16 22:00:00,0.0463,0.047,0.0455,0.0457,86897246.0
2025-02-16 23:00:00,0.0458,0.047,0.0453,0.0466,123163983.0
2025-02-17 00:00:00,0.0465,0.0468,0.0444,0.0452,195723344.0
2025-02-17 01:00:00,0.0452,0.0476,0.0452,0.0461,188622678.0
2025-02-17 02:00:00,0.0461,0.0462,0.0447,0.0448,89782049.0
2025-02-17 03:00:00,0.0449,0.0464,0.0444,0.046,120994061.0
2025-02-17 04:00:00,0.046,0.0465,0.0448,0.0449,101697106.0
2025-02-17 05:00:00,0.0449,0.046,0.0442,0.0455,198900574.0
2025-02-17 06:00:00,0.0455,0.0462,0.0452,0.0459,100818123.0
2025-02-17 07:00:00,0.046,0.0461,0.0446,0.0448,111599625.0
2025-02-17 08:00:00,0.0449,0.0466,0.0441,0.0465,161400416.0
2025-02-17 09:00:00,0.0464,0.0478,0.0462,0.0468,154858801.0
2025-02-17 10:00:00,0.0469,0.0476,0.045,0.0452,134146576.0
2025-02-17 11:00:00,0.0451,0.0473,0.0444,0.0467,147864347.0
2025-02-17 12:00:00,0.0468,0.05,0.0467,0.0472,247866792.0
2025-02-17 13:00:00,0.0472,0.0496,0.0468,0.0491,187980034.0
2025-02-17 14:00:00,0.0491,0.0532,0.0476,0.0481,433546565.0
2025-02-17 15:00:00,0.0481,0.0481,0.0412,0.0419,455408354.0
2025-02-17 16:00:00,0.0419,0.0428,0.0409,0.0416,265213189.0
2025-02-17 17:00:00,0.0416,0.0419,0.0392,0.0394,224267284.0
2025-02-17 18:00:00,0.0394,0.0403,0.0388,0.0401,130953140.0
2025-02-17 19:00:00,0.0402,0.0414,0.0393,0.0395,137231370.0
2025-02-17 20:00:00,0.0394,0.0419,0.0394,0.0415,139124557.0
2025-02-17 21:00:00,0.0414,0.0432,0.0412,0.0431,137466417.0
2025-02-17 22:00:00,0.0431,0.0451,0.043,0.0443,132367594.0
2025-02-17 23:00:00,0.0442,0.0452,0.0435,0.0437,95401438.0
2025-02-18 00:00:00,0.0437,0.0445,0.0426,0.0432,116773773.0
2025-02-18 01:00:00,0.0432,0.0463,0.0431,0.0452,135508467.0
2025-02-18 02:00:00,0.0453,0.0461,0.0439,0.0442,88383386.0
2025-02-18 03:00:00,0.0442,0.0454,0.0433,0.0439,85680286.0
2025-02-18 04:00:00,0.0439,0.0443,0.0427,0.0431,94316218.0
2025-02-18 05:00:00,0.0431,0.0437,0.0423,0.0427,102328160.0
2025-02-18 06:00:00,0.0427,0.0443,0.0424,0.043,147341630.0
2025-02-18 07:00:00,0.043,0.0469,0.0417,0.0459,293130991.0
2025-02-18 08:00:00,0.0459,0.0475,0.0455,0.0456,199024511.0
2025-02-18 09:00:00,0.0457,0.0487,0.0448,0.0475,199698647.0
2025-02-18 10:00:00,0.0476,0.0489,0.0468,0.0479,117785408.0
2025-02-18 11:00:00,0.0479,0.0492,0.0477,0.0484,119609116.0
2025-02-18 12:00:00,0.0484,0.0487,0.047,0.0472,120703459.0
2025-02-18 13:00:00,0.0472,0.0499,0.0469,0.0493,175885253.0
2025-02-18 14:00:00,0.0493,0.0498,0.0468,0.0471,178864798.0
2025-02-18 15:00:00,0.0471,0.0472,0.0424,0.0429,241824649.0
2025-02-18 16:00:00,0.0429,0.0447,0.0418,0.0439,229850741.0
2025-02-18 17:00:00,0.0438,0.0447,0.0428,0.0433,149285361.0
2025-02-18 18:00:00,0.0434,0.0445,0.0424,0.0424,116146432.0
2025-02-18 19:00:00,0.0424,0.0487,0.0423,0.0467,313540790.0
2025-02-18 20:00:00,0.0467,0.0483,0.0458,0.0463,165186998.0
2025-02-18 21:00:00,0.0463,0.048,0.0463,0.0468,133906497.0
2025-02-18 22:00:00,0.0468,0.0485,0.0464,0.0481,83591173.0
2025-02-18 23:00:00,0.048,0.0509,0.048,0.0492,172777908.0
2025-02-19 00:00:00,0.0493,0.0523,0.049,0.0504,212579804.0
2025-02-19 01:00:00,0.0504,0.0514,0.0489,0.0495,166768366.0
2025-02-19 02:00:00,0.0495,0.0504,0.0486,0.049,126191305.0
2025-02-19 03:00:00,0.049,0.0492,0.0481,0.0484,86959601.0
2025-02-19 04:00:00,0.0485,0.0487,0.047,0.0474,119324871.0
2025-02-19 05:00:00,0.0474,0.0492,0.0469,0.0485,185135907.0
2025-02-19 06:00:00,0.0485,0.05,0.0482,0.049,153518291.0
2025-02-19 07:00:00,0.049,0.0499,0.0474,0.0479,120383860.0
2025-02-19 08:00:00,0.0479,0.0498,0.0475,0.0482,132597000.0
2025-02-19 09:00:00,0.0481,0.0484,0.0451,0.0455,173849603.0
2025-02-19 10:00:00,0.0456,0.0472,0.0452,0.0464,120741681.0
2025-02-19 11:00:00,0.0465,0.0484,0.0461,0.0482,121701386.0
2025-02-19 12:00:00,0.0482,0.0517,0.0481,0.0486,279290964.0
2025-02-19 13:00:00,0.0487,0.0507,0.0469,0.0486,234839770.0
2025-02-19 14:00:00,0.0486,0.0493,0.0475,0.0476,136378306.0
2025-02-19 15:00:00,0.0477,0.0478,0.0459,0.0461,150326652.0
2025-02-19 16:00:00,0.0461,0.0469,0.0452,0.0459,136838450.0
2025-02-19 17:00:00,0.0459,0.0463,0.0437,0.0438,144944768.0
2025-02-19 18:00:00,0.0438,0.0445,0.043,0.0432,97421788.0
2025-02-19 19:00:00,0.0432,0.0448,0.0431,0.0439,102254769.0
2025-02-19 20:00:00,0.044,0.0452,0.0437,0.0443,91931493.0
2025-02-19 21:00:00,0.0442,0.0448,0.0438,0.044,65587766.0
2025-02-19 22:00:00,0.044,0.0445,0.0436,0.0443,47053808.0
2025-02-19 23:00:00,0.0444,0.0452,0.0422,0.0426,98262058.0
2025-02-20 00:00:00,0.0426,0.044,0.0425,0.0437,119232148.0
2025-02-20 01:00:00,0.0437,0.0445,0.0414,0.0418,139004320.0
2025-02-20 02:00:00,0.0418,0.0429,0.0409,0.0428,154598863.0
2025-02-20 03:00:00,0.0428,0.0431,0.0412,0.0413,121573901.0
2025-02-20 04:00:00,0.0413,0.0431,0.0411,0.0418,144080480.0
2025-02-20 05:00:00,0.0418,0.0419,0.0408,0.0408,109189680.0
2025-02-20 06:00:00,0.0409,0.0416,0.0403,0.0404,156831434.0
2025-02-20 07:00:00,0.0404,0.0412,0.04,0.0405,134406350.0
2025-02-20 08:00:00,0.0405,0.0411,0.0397,0.0404,157931363.0
2025-02-20 09:00:00,0.0405,0.0406,0.0396,0.0401,168963455.0
2025-02-20 10:00:00,0.0402,0.0418,0.04,0.0414,205307685.0
2025-02-20 11:00:00,0.0415,0.0419,0.0408,0.0416,153123326.0
2025-02-20 12:00:00,0.0415,0.0419,0.0406,0.0408,154892735.0
2025-02-20 13:00:00,0.0408,0.0415,0.0403,0.0405,145464886.0
2025-02-20 14:00:00,0.0405,0.0417,0.0384,0.0391,273507542.0
2025-02-20 15:00:00,0.0391,0.04,0.0386,0.0391,166439903.0
2025-02-20 16:00:00,0.0392,0.0393,0.038,0.0382,155347844.0
2025-02-20 17:00:00,0.0382,0.0397,0.0381,0.0395,107084194.0
2025-02-20 18:00:00,0.0395,0.0413,0.0394,0.0409,144819827.0
2025-02-20 19:00:00,0.0409,0.0415,0.0406,0.0414,137687546.0
2025-02-20 20:00:00,0.0415,0.0416,0.0403,0.0407,119611730.0
2025-02-20 21:00:00,0.0407,0.0411,0.0403,0.0407,97743635.0
2025-02-20 22:00:00,0.0408,0.0413,0.0405,0.0412,73691112.0
2025-02-20 23:00:00,0.0412,0.0452,0.0411,0.0442,179871657.0
2025-02-21 00:00:00,0.0442,0.0454,0.0408,0.0413,210763256.0
2025-02-21 01:00:00,0.0412,0.0433,0.0406,0.043,187774532.0
2025-02-21 02:00:00,0.043,0.0439,0.0423,0.0428,192548268.0
2025-02-21 03:00:00,0.0429,0.0431,0.042,0.0421,121948461.0
2025-02-21 04:00:00,0.0422,0.043,0.0412,0.0412,144231736.0
2025-02-21 05:00:00,0.0413,0.0422,0.0408,0.041,170571318.0
2025-02-21 06:00:00,0.0411,0.0426,0.0407,0.0422,162025777.0
2025-02-21 07:00:00,0.0423,0.0424,0.0413,0.0417,76501851.0
2025-02-21 08:00:00,0.0417,0.0434,0.0416,0.0428,114136803.0
2025-02-21 09:00:00,0.0429,0.0458,0.0428,0.045,236460505.0
2025-02-21 10:00:00,0.045,0.0461,0.0436,0.0443,137738199.0
2025-02-21 11:00:00,0.0443,0.0447,0.0432,0.0445,92931234.0
2025-02-21 12:00:00,0.0445,0.0476,0.0444,0.0474,130100551.0
2025-02-21 13:00:00,0.0475,0.048,0.0455,0.0456,131190285.0
2025-02-21 14:00:00,0.0456,0.0462,0.0428,0.043,137342307.0
2025-02-21 15:00:00,0.0429,0.0439,0.0411,0.0417,243049121.0
2025-02-21 16:00:00,0.0417,0.044,0.0412,0.043,197795945.0
2025-02-21 17:00:00,0.0431,0.0434,0.0421,0.0423,92971642.0
2025-02-21 18:00:00,0.0424,0.0433,0.0416,0.0422,78365670.0
2025-02-21 19:00:00,0.0423,0.0431,0.0416,0.0426,111723936.0
2025-02-21 20:00:00,0.0426,0.0439,0.0424,0.043,118507574.0
2025-02-21 21:00:00,0.0431,0.0434,0.0415,0.0417,101676725.0
2025-02-21 22:00:00,0.0418,0.0422,0.0411,0.0418,63695140.0
2025-02-21 23:00:00,0.0418,0.042,0.0408,0.0413,53821550.0
2025-02-22 00:00:00,0.0413,0.0422,0.0401,0.0422,96490519.0
2025-02-22 01:00:00,0.0421,0.0433,0.042,0.0429,65843677.0
2025-02-22 02:00:00,0.0428,0.044,0.0426,0.0433,69741818.0
2025-02-22 03:00:00,0.0433,0.0439,0.0423,0.0434,63146961.0
2025-02-22 04:00:00,0.0433,0.0447,0.043,0.0438,84046499.0
2025-02-22 05:00:00,0.0439,0.0452,0.0437,0.0446,66996419.0
2025-02-22 06:00:00,0.0446,0.0452,0.0428,0.043,75364948.0
2025-02-22 07:00:00,0.0429,0.0478,0.0428,0.0466,172324850.0
2025-02-22 08:00:00,0.0466,0.0486,0.0466,0.0478,138868611.0
2025-02-22 09:00:00,0.0477,0.0494,0.0473,0.049,96386971.0
2025-02-22 10:00:00,0.0489,0.0496,0.0484,0.049,107695900.0
2025-02-22 11:00:00,0.049,0.0538,0.0489,0.053,301471311.0
2025-02-22 12:00:00,0.0529,0.0564,0.0516,0.0555,307094038.0
2025-02-22 13:00:00,0.0554,0.0608,0.055,0.0589,385825688.0
2025-02-22 14:00:00,0.059,0.0606,0.058,0.0601,284448745.0
2025-02-22 15:00:00,0.0601,0.0629,0.059,0.0611,392964368.0
2025-02-22 16:00:00,0.061,0.0638,0.0595,0.0618,228494850.0
2025-02-22 17:00:00,0.0618,0.0643,0.0606,0.0631,195401410.0
2025-02-22 18:00:00,0.063,0.0653,0.0617,0.0625,215244701.0
2025-02-22 19:00:00,0.0626,0.0653,0.0621,0.0645,152712049.0
2025-02-22 20:00:00,0.0646,0.0673,0.0636,0.0656,229033828.0
2025-02-22 21:00:00,0.0655,0.069,0.0655,0.0688,203392193.0
2025-02-22 22:00:00,0.0688,0.0824,0.0687,0.0758,549461567.0
2025-02-22 23:00:00,0.0757,0.0763,0.0711,0.072,271200312.0
2025-02-23 00:00:00,0.072,0.0746,0.0704,0.0709,217052987.0
2025-02-23 01:00:00,0.071,0.0713,0.068,0.0689,214418823.0
2025-02-23 02:00:00,0.0689,0.0728,0.0686,0.0694,139473241.0
2025-02-23 03:00:00,0.0694,0.0705,0.0662,0.067,229509777.0
2025-02-23 04:00:00,0.067,0.0698,0.0655,0.0683,173943118.0
2025-02-23 05:00:00,0.0684,0.0713,0.0679,0.0688,152513027.0
2025-02-23 06:00:00,0.0688,0.0724,0.0684,0.0708,249615778.0
2025-02-23 07:00:00,0.0708,0.0746,0.0697,0.071,278802762.0
2025-02-23 08:00:00,0.071,0.0716,0.0694,0.0707,160603222.0
2025-02-23 09:00:00,0.0707,0.0713,0.0662,0.0666,227357702.0
2025-02-23 10:00:00,0.0666,0.0672,0.0615,0.0618,336703264.0
2025-02-23 11:00:00,0.0618,0.0631,0.0587,0.0599,297456681.0
2025-02-23 12:00:00,0.0599,0.0608,0.0556,0.056,287246604.0
2025-02-23 13:00:00,0.056,0.0577,0.0548,0.0568,196502228.0
2025-02-23 14:00:00,0.0568,0.0571,0.0525,0.0532,218244031.0
2025-02-23 15:00:00,0.0533,0.0539,0.051,0.0512,192003813.0
2025-02-23 16:00:00,0.0512,0.0517,0.0492,0.0501,242590665.0
2025-02-23 17:00:00,0.0501,0.0517,0.05,0.0515,170125437.0
2025-02-23 18:00:00,0.0514,0.0543,0.0507,0.0527,232832305.0
2025-02-23 19:00:00,0.0528,0.0533,0.0513,0.0523,143142474.0
2025-02-23 20:00:00,0.0523,0.0526,0.0509,0.0516,110849312.0
2025-02-23 21:00:00,0.0516,0.0523,0.0505,0.052,79239338.0
2025-02-23 22:00:00,0.052,0.0524,0.0504,0.0513,102198728.0
2025-02-23 23:00:00,0.0513,0.0531,0.0509,0.0513,134298767.0
2025-02-24 00:00:00,0.0513,0.0529,0.0509,0.0511,172546181.0
2025-02-24 01:00:00,0.0512,0.0514,0.0493,0.0508,207132214.0
2025-02-24 02:00:00,0.0508,0.0534,0.0507,0.0512,252168531.0
2025-02-24 03:00:00,0.0513,0.0527,0.0505,0.0516,144471328.0
2025-02-24 04:00:00,0.0517,0.0525,0.0506,0.0515,207864081.0
2025-02-24 05:00:00,0.0514,0.0524,0.0501,0.0509,109336034.0
2025-02-24 06:00:00,0.051,0.0513,0.0474,0.0491,211966330.0
2025-02-24 07:00:00,0.0492,0.0506,0.0488,0.0494,83071269.0
2025-02-24 08:00:00,0.0495,0.0501,0.0482,0.0497,97614825.0
2025-02-24 09:00:00,0.0497,0.0519,0.0496,0.0508,96729946.0
2025-02-24 10:00:00,0.0509,0.0509,0.0494,0.05,120472727.0
2025-02-24 11:00:00,0.05,0.0505,0.0495,0.0499,90291170.0
2025-02-24 12:00:00,0.0498,0.0522,0.0492,0.0508,118840858.0
2025-02-24 13:00:00,0.0508,0.0519,0.0497,0.0502,81003286.0
2025-02-24 14:00:00,0.0502,0.0511,0.0497,0.0502,93324893.0
2025-02-24 15:00:00,0.0502,0.0511,0.0485,0.0506,168873315.0
2025-02-24 16:00:00,0.0506,0.0516,0.0494,0.0497,110133246.0
2025-02-24 17:00:00,0.0497,0.0506,0.0487,0.049,94743781.0
2025-02-24 18:00:00,0.049,0.049,0.0466,0.0479,115728554.0
2025-02-24 19:00:00,0.0479,0.0494,0.0473,0.0474,96398782.0
2025-02-24 20:00:00,0.0475,0.0499,0.0471,0.048,131484402.0
2025-02-24 21:00:00,0.048,0.0491,0.0476,0.0478,68859801.0
2025-02-24 22:00:00,0.0479,0.0486,0.0453,0.0466,184513277.0
2025-02-24 23:00:00,0.0466,0.0483,0.0459,0.0475,60132693.0
2025-02-25 00:00:00,0.0475,0.0495,0.046,0.0487,121187089.0
2025-02-25 01:00:00,0.0486,0.0492,0.0473,0.0477,143180989.0
2025-02-25 02:00:00,0.0478,0.0492,0.0468,0.0484,143093336.0
2025-02-25 03:00:00,0.0484,0.0498,0.0478,0.0484,107066885.0
2025-02-25 04:00:00,0.0484,0.0491,0.0477,0.0483,102014177.0
2025-02-25 05:00:00,0.0482,0.0494,0.0477,0.0485,97902718.0
2025-02-25 06:00:00,0.0485,0.0489,0.0475,0.0476,88394962.0
2025-02-25 07:00:00,0.0477,0.049,0.0444,0.0484,303040292.0
2025-02-25 08:00:00,0.0483,0.0505,0.048,0.0491,217867421.0
2025-02-25 09:00:00,0.049,0.0498,0.0481,0.049,87594096.0
2025-02-25 10:00:00,0.049,0.0568,0.0485,0.0545,292225324.0
2025-02-25 11:00:00,0.0545,0.0566,0.0517,0.0541,306956892.0
2025-02-25 12:00:00,0.0541,0.0572,0.0526,0.0534,179207562.0
2025-02-25 13:00:00,0.0533,0.0563,0.0517,0.0548,180613464.0
2025-02-25 14:00:00,0.0548,0.0557,0.0529,0.0534,113003343.0
2025-02-25 15:00:00,0.0534,0.0606,0.0525,0.059,220457439.0
2025-02-25 16:00:00,0.059,0.0615,0.0535,0.054,246871063.0
2025-02-25 17:00:00,0.054,0.0576,0.0538,0.0551,142616326.0
2025-02-25 18:00:00,0.0551,0.0566,0.0544,0.0559,76186680.0
2025-02-25 19:00:00,0.056,0.0576,0.0547,0.0571,86020820.0
2025-02-25 20:00:00,0.0571,0.0594,0.0569,0.0581,82249448.0
2025-02-25 21:00:00,0.0581,0.0584,0.0571,0.0577,45472892.0
2025-02-25 22:00:00,0.0577,0.0585,0.0557,0.0567,47777730.0
2025-02-25 23:00:00,0.0567,0.0572,0.0547,0.0549,73004655.0
2025-02-26 00:00:00,0.0548,0.0592,0.0547,0.0564,131853886.0
2025-02-26 01:00:00,0.0564,0.0607,0.056,0.0606,84098429.0
2025-02-26 02:00:00,0.0606,0.0625,0.0578,0.062,162030365.0
2025-02-26 03:00:00,0.062,0.0676,0.0615,0.0642,282220748.0
2025-02-26 04:00:00,0.0643,0.0651,0.0592,0.06,182169136.0
2025-02-26 05:00:00,0.06,0.0604,0.0571,0.0574,108551405.0
2025-02-26 06:00:00,0.0574,0.0608,0.0574,0.0604,120962813.0
2025-02-26 07:00:00,0.0604,0.0607,0.0573,0.0576,104412463.0
2025-02-26 08:00:00,0.0576,0.0585,0.0558,0.0569,106168346.0
2025-02-26 09:00:00,0.0568,0.0585,0.0564,0.0582,93094389.0
2025-02-26 10:00:00,0.0581,0.0582,0.0568,0.0571,62230211.0
2025-02-26 11:00:00,0.0572,0.0588,0.0554,0.0572,104718371.0
2025-02-26 12:00:00,0.0572,0.0587,0.0571,0.0581,89679849.0
2025-02-26 13:00:00,0.0582,0.0613,0.058,0.06,155176738.0
2025-02-26 14:00:00,0.06,0.062,0.0564,0.0609,325698133.0
2025-02-26 15:00:00,0.0609,0.0647,0.0606,0.0631,167065673.0
2025-02-26 16:00:00,0.0631,0.065,0.0608,0.0611,160302948.0
2025-02-26 17:00:00,0.0611,0.0624,0.0605,0.0617,94162159.0
2025-02-26 18:00:00,0.0616,0.0625,0.0603,0.0615,93379209.0
2025-02-26 19:00:00,0.0616,0.063,0.0583,0.0598,86454710.0
2025-02-26 20:00:00,0.0598,0.0656,0.0597,0.0647,72899154.0
2025-02-26 21:00:00,0.0647,0.0671,0.0617,0.0629,147113742.0
2025-02-26 22:00:00,0.0628,0.0664,0.0628,0.0653,53580626.0
2025-02-26 23:00:00,0.0652,0.0686,0.0639,0.0654,133439489.0
2025-02-27 00:00:00,0.0655,0.0687,0.0641,0.0651,139426432.0
2025-02-27 01:00:00,0.0651,0.0652,0.0616,0.0625,109133786.0
2025-02-27 02:00:00,0.0625,0.0651,0.0613,0.0646,117495693.0
2025-02-27 03:00:00,0.0647,0.068,0.0643,0.0673,75305498.0
2025-02-27 04:00:00,0.0673,0.0675,0.0644,0.0653,68001622.0
2025-02-27 05:00:00,0.0653,0.071,0.0653,0.0667,131263783.0
2025-02-27 06:00:00,0.0667,0.0673,0.0639,0.0643,66406905.0
2025-02-27 07:00:00,0.0643,0.0645,0.0624,0.0639,54674143.0
2025-02-27 08:00:00,0.0638,0.0651,0.0603,0.0605,99444176.0
2025-02-27 09:00:00,0.0605,0.061,0.0587,0.0596,91265229.0
2025-02-27 10:00:00,0.0597,0.0604,0.0583,0.0591,59080722.0
2025-02-27 11:00:00,0.0591,0.0614,0.0584,0.0597,79469215.0
2025-02-27 12:00:00,0.0597,0.0622,0.0589,0.0616,66265318.0
2025-02-27 13:00:00,0.0616,0.0627,0.0601,0.0602,78899107.0
2025-02-27 14:00:00,0.0601,0.0626,0.0598,0.0608,87858295.0
2025-02-27 15:00:00,0.0609,0.0623,0.0591,0.0596,86435926.0
2025-02-27 16:00:00,0.0595,0.0606,0.0587,0.0591,53995694.0
2025-02-27 17:00:00,0.0591,0.062,0.059,0.0619,61247053.0
2025-02-27 18:00:00,0.0619,0.0625,0.0601,0.0603,47301573.0
2025-02-27 19:00:00,0.0603,0.0626,0.0602,0.0622,39010603.0
2025-02-27 20:00:00,0.0622,0.0624,0.0602,0.0602,62029066.0
2025-02-27 21:00:00,0.0602,0.0621,0.0586,0.0601,76623426.0
2025-02-27 22:00:00,0.0601,0.0623,0.0597,0.0622,35161818.0
2025-02-27 23:00:00,0.0622,0.0632,0.0606,0.061,58975707.0
2025-02-28 00:00:00,0.061,0.0631,0.0602,0.062,76154133.0
2025-02-28 01:00:00,0.062,0.0632,0.0608,0.0617,133027266.0
2025-02-28 02:00:00,0.0617,0.0642,0.0611,0.0625,110473283.0
2025-02-28 03:00:00,0.0626,0.0645,0.052,0.0569,302936658.0
2025-02-28 04:00:00,0.0569,0.0576,0.0527,0.057,201524780.0
2025-02-28 05:00:00,0.057,0.0586,0.0547,0.0565,130188088.0
2025-02-28 06:00:00,0.0565,0.0577,0.0554,0.0573,61174239.0
2025-02-28 07:00:00,0.0574,0.0586,0.0562,0.0566,47273378.0
2025-02-28 08:00:00,0.0566,0.0587,0.0563,0.057,57332795.0
2025-02-28 09:00:00,0.0569,0.057,0.0553,0.0559,60046200.0
2025-02-28 10:00:00,0.056,0.0565,0.0544,0.0546,48473659.0
2025-02-28 11:00:00,0.0546,0.058,0.0545,0.0567,70469441.0
2025-02-28 12:00:00,0.0567,0.0591,0.0564,0.0584,52019324.0
2025-02-28 13:00:00,0.0584,0.064,0.0582,0.0629,135117337.0
2025-02-28 14:00:00,0.0628,0.0641,0.0616,0.0626,85309873.0
2025-02-28 15:00:00,0.0625,0.0657,0.0616,0.0649,84027425.0
2025-02-28 16:00:00,0.0649,0.0671,0.0637,0.0658,100714242.0
2025-02-28 17:00:00,0.0657,0.0694,0.0657,0.069,82757639.0
2025-02-28 18:00:00,0.069,0.0733,0.069,0.0714,111163919.0
2025-02-28 19:00:00,0.0714,0.0734,0.0702,0.0704,78448660.0
2025-02-28 20:00:00,0.0704,0.0709,0.0692,0.0702,53571823.0
2025-02-28 21:00:00,0.0701,0.0746,0.0696,0.0702,89062078.0
2025-02-28 22:00:00,0.0701,0.072,0.0668,0.067,62161219.0
2025-02-28 23:00:00,0.0671,0.0675,0.065,0.0658,54780973.0
2025-03-01 00:00:00,0.0657,0.0716,0.0657,0.0689,78901593.0
2025-03-01 01:00:00,0.0689,0.0709,0.0676,0.07,55815146.0
2025-03-01 02:00:00,0.07,0.0703,0.0659,0.067,55275554.0
2025-03-01 03:00:00,0.067,0.0695,0.0666,0.0667,35202244.0
2025-03-01 04:00:00,0.0668,0.0673,0.0636,0.0637,42034915.0
2025-03-01 05:00:00,0.0637,0.0637,0.0594,0.0621,101513226.0
2025-03-01 06:00:00,0.0621,0.0638,0.0611,0.0634,56377057.0
2025-03-01 07:00:00,0.0634,0.0649,0.0632,0.0639,41359308.0
2025-03-01 08:00:00,0.064,0.0653,0.0633,0.0636,33529564.0
2025-03-01 09:00:00,0.0637,0.0639,0.0611,0.0619,43372701.0
2025-03-01 10:00:00,0.0619,0.0623,0.0612,0.0619,34802874.0
2025-03-01 11:00:00,0.0618,0.0624,0.061,0.0611,29677055.0
2025-03-01 12:00:00,0.0611,0.0616,0.0601,0.0605,33899842.0
2025-03-01 13:00:00,0.0605,0.0629,0.0595,0.0598,61902575.0
2025-03-01 14:00:00,0.0599,0.0622,0.0598,0.0608,40689926.0
2025-03-01 15:00:00,0.0607,0.0609,0.0595,0.0605,28884854.0
2025-03-01 16:00:00,0.0604,0.0605,0.0585,0.0593,37991136.0
2025-03-01 17:00:00,0.0594,0.0597,0.0585,0.0586,28200664.0
2025-03-01 18:00:00,0.0587,0.0587,0.0559,0.0561,47322772.0
2025-03-01 19:00:00,0.056,0.0565,0.0536,0.0552,66510225.0
2025-03-01 20:00:00,0.0553,0.0554,0.0542,0.0548,37085804.0
2025-03-01 21:00:00,0.0548,0.0583,0.0546,0.058,59767210.0
2025-03-01 22:00:00,0.058,0.0595,0.0572,0.0583,36620265.0
2025-03-01 23:00:00,0.0584,0.059,0.0573,0.0578,35301296.0
2025-03-02 00:00:00,0.0579,0.0593,0.0565,0.0568,59124307.0
2025-03-02 01:00:00,0.0569,0.0586,0.0567,0.0579,52681779.0
2025-03-02 02:00:00,0.0579,0.0583,0.0565,0.0567,44582540.0
2025-03-02 03:00:00,0.0567,0.0581,0.0565,0.0567,30415164.0
2025-03-02 04:00:00,0.0568,0.0581,0.0567,0.0576,36147454.0
2025-03-02 05:00:00,0.0575,0.0579,0.0551,0.0554,48478745.0
2025-03-02 06:00:00,0.0555,0.0576,0.0543,0.057,66059581.0
2025-03-02 07:00:00,0.0569,0.0578,0.0563,0.0577,37127936.0
2025-03-02 08:00:00,0.0576,0.0608,0.0572,0.0599,63859985.0
2025-03-02 09:00:00,0.0599,0.0607,0.0582,0.0592,57639629.0
2025-03-02 10:00:00,0.0591,0.0595,0.0578,0.0583,58978434.0
2025-03-02 11:00:00,0.0584,0.0594,0.0582,0.0587,38424269.0
2025-03-02 12:00:00,0.0587,0.0607,0.0586,0.0591,63813733.0
2025-03-02 13:00:00,0.0592,0.0592,0.0568,0.0578,89200631.0
2025-03-02 14:00:00,0.0579,0.058,0.0557,0.0569,58709011.0
2025-03-02 15:00:00,0.0568,0.0605,0.0561,0.0589,183999357.0
2025-03-02 16:00:00,0.0589,0.0642,0.0577,0.0614,169841408.0
2025-03-02 17:00:00,0.0615,0.0628,0.0588,0.0617,94872224.0
2025-03-02 18:00:00,0.0617,0.0648,0.0611,0.0641,55639852.0
2025-03-02 19:00:00,0.0642,0.0679,0.064,0.067,54195782.0
2025-03-02 20:00:00,0.067,0.0698,0.0663,0.0665,64008291.0
2025-03-02 21:00:00,0.0666,0.0669,0.0636,0.0644,47650617.0
2025-03-02 22:00:00,0.0645,0.0697,0.0641,0.0675,55129331.0
2025-03-02 23:00:00,0.0675,0.0683,0.0661,0.0669,44599507.0
2025-03-03 00:00:00,0.0669,0.07,0.0666,0.0677,69032249.0
2025-03-03 01:00:00,0.0677,0.0718,0.0677,0.07,63969274.0
2025-03-03 02:00:00,0.07,0.0705,0.0641,0.0646,104098420.0
2025-03-03 03:00:00,0.0647,0.065,0.0615,0.0646,72912072.0
2025-03-03 04:00:00,0.0646,0.0675,0.0643,0.0659,70371465.0
2025-03-03 05:00:00,0.0659,0.0708,0.0659,0.0693,88425913.0
2025-03-03 06:00:00,0.0694,0.0703,0.0647,0.0652,90538653.0
2025-03-03 07:00:00,0.0652,0.0693,0.0648,0.0688,78764872.0
2025-03-03 08:00:00,0.0689,0.0706,0.068,0.0695,83830789.0
2025-03-03 09:00:00,0.0695,0.0724,0.0689,0.0711,109331667.0
2025-03-03 10:00:00,0.0711,0.077,0.0711,0.0732,168759430.0
2025-03-03 11:00:00,0.0732,0.0743,0.0697,0.0735,127397994.0
2025-03-03 12:00:00,0.0735,0.0746,0.0705,0.0722,87056389.0
2025-03-03 13:00:00,0.0722,0.0735,0.0696,0.0701,68677593.0
2025-03-03 14:00:00,0.07,0.0702,0.0657,0.0662,163421258.0
2025-03-03 15:00:00,0.0662,0.0677,0.0643,0.0647,93557459.0
2025-03-03 16:00:00,0.0647,0.0655,0.0632,0.0636,63153416.0
2025-03-03 17:00:00,0.0636,0.0643,0.0618,0.0622,59104739.0
2025-03-03 18:00:00,0.0622,0.0626,0.0606,0.0608,80176357.0
2025-03-03 19:00:00,0.0609,0.0656,0.0607,0.0644,115475520.0
2025-03-03 20:00:00,0.0645,0.0666,0.0644,0.0658,67941799.0
2025-03-03 21:00:00,0.0658,0.0661,0.0634,0.0637,43192064.0
2025-03-03 22:00:00,0.0637,0.0655,0.0615,0.0618,60159841.0
2025-03-03 23:00:00,0.0619,0.0626,0.0597,0.0605,40388572.0
2025-03-04 00:00:00,0.0604,0.0634,0.0593,0.0613,72033856.0
2025-03-04 01:00:00,0.0614,0.0631,0.0596,0.0601,84067079.0
2025-03-04 02:00:00,0.0601,0.0605,0.0568,0.0571,118900430.0
2025-03-04 03:00:00,0.0571,0.0616,0.0571,0.0601,79226525.0
2025-03-04 04:00:00,0.0601,0.0604,0.0584,0.059,48439682.0
2025-03-04 05:00:00,0.059,0.0623,0.0579,0.0581,74318057.0
2025-03-04 06:00:00,0.0581,0.059,0.057,0.058,49769845.0
2025-03-04 07:00:00,0.058,0.0587,0.0574,0.0578,46248625.0
2025-03-04 08:00:00,0.0578,0.0601,0.0553,0.0559,100517294.0
2025-03-04 09:00:00,0.0559,0.0573,0.0555,0.056,43228711.0
2025-03-04 10:00:00,0.056,0.0579,0.0556,0.0565,42841705.0
2025-03-04 11:00:00,0.0566,0.0579,0.0564,0.0565,34212726.0
2025-03-04 12:00:00,0.0565,0.0566,0.054,0.0541,67784066.0
2025-03-04 13:00:00,0.0542,0.0543,0.052,0.0521,109519827.0
2025-03-04 14:00:00,0.0522,0.0572,0.0522,0.055,147924602.0
2025-03-04 15:00:00,0.055,0.0566,0.0544,0.0561,96670151.0
2025-03-04 16:00:00,0.0562,0.0572,0.053,0.0553,97385382.0
2025-03-04 17:00:00,0.0553,0.057,0.0551,0.0557,61220594.0
2025-03-04 18:00:00,0.0557,0.0565,0.0543,0.0561,48410064.0
2025-03-04 19:00:00,0.056,0.0575,0.0552,0.0562,65219607.0
2025-03-04 20:00:00,0.0561,0.0562,0.0535,0.0538,45676458.0
2025-03-04 21:00:00,0.0538,0.0566,0.0535,0.0544,71388052.0
2025-03-04 22:00:00,0.0544,0.0554,0.0538,0.054,33522149.0
2025-03-04 23:00:00,0.0541,0.0545,0.0532,0.0536,37836076.0
2025-03-05 00:00:00,0.0536,0.0546,0.0528,0.0538,53636515.0
2025-03-05 01:00:00,0.0538,0.055,0.0529,0.054,50096919.0
2025-03-05 02:00:00,0.054,0.0541,0.0508,0.0526,79835792.0
2025-03-05 03:00:00,0.0526,0.0541,0.0522,0.0533,46047977.0
2025-03-05 04:00:00,0.0533,0.0548,0.0526,0.0542,48772776.0
2025-03-05 05:00:00,0.0543,0.0558,0.0536,0.0558,46238231.0
2025-03-05 06:00:00,0.0557,0.0564,0.0548,0.0563,44972611.0
2025-03-05 07:00:00,0.0563,0.0565,0.0539,0.0548,52345401.0
2025-03-05 08:00:00,0.0548,0.0553,0.053,0.053,39305624.0
2025-03-05 09:00:00,0.053,0.0538,0.0523,0.0536,51337194.0
2025-03-05 10:00:00,0.0535,0.0559,0.0525,0.0548,77725625.0
2025-03-05 11:00:00,0.0548,0.0563,0.0542,0.0552,64719643.0
2025-03-05 12:00:00,0.0552,0.0565,0.0534,0.0535,93373902.0
2025-03-05 13:00:00,0.0536,0.0549,0.0534,0.0546,49315698.0
2025-03-05 14:00:00,0.0546,0.0552,0.0531,0.0543,50361063.0
2025-03-05 15:00:00,0.0544,0.0555,0.0525,0.0534,73379362.0
2025-03-05 16:00:00,0.0534,0.0534,0.0496,0.0508,110614505.0
2025-03-05 17:00:00,0.0509,0.0518,0.0501,0.0506,48857589.0
2025-03-05 18:00:00,0.0506,0.0508,0.0483,0.0498,76306078.0
2025-03-05 19:00:00,0.0498,0.0518,0.0495,0.0504,64252207.0
2025-03-05 20:00:00,0.0503,0.0507,0.0487,0.05,80858346.0
2025-03-05 21:00:00,0.05,0.0501,0.0477,0.0484,69152567.0
2025-03-05 22:00:00,0.0484,0.0509,0.0482,0.0506,43629365.0
2025-03-05 23:00:00,0.0507,0.0523,0.0504,0.0514,57470148.0
2025-03-06 00:00:00,0.0514,0.0525,0.0502,0.0508,51442914.0
2025-03-06 01:00:00,0.0508,0.0517,0.0494,0.0503,63132732.0
2025-03-06 02:00:00,0.0503,0.0506,0.0494,0.05,47408494.0
2025-03-06 03:00:00,0.05,0.0512,0.0497,0.0507,57419046.0
2025-03-06 04:00:00,0.0507,0.0516,0.0498,0.0512,55812173.0
2025-03-06 05:00:00,0.0512,0.0515,0.05,0.0511,47362596.0
2025-03-06 06:00:00,0.0511,0.0511,0.0486,0.0505,63016683.0
2025-03-06 07:00:00,0.0504,0.0507,0.0491,0.0497,42165658.0
2025-03-06 08:00:00,0.0497,0.0506,0.0493,0.05,42864941.0
2025-03-06 09:00:00,0.05,0.0508,0.0495,0.0496,41850340.0
2025-03-06 10:00:00,0.0496,0.0508,0.0496,0.05,29908722.0
2025-03-06 11:00:00,0.05,0.0525,0.05,0.0519,55993633.0
2025-03-06 12:00:00,0.052,0.0526,0.0505,0.0514,69199410.0
2025-03-06 13:00:00,0.0514,0.0521,0.0502,0.0517,53529031.0
2025-03-06 14:00:00,0.0516,0.0532,0.0514,0.0526,79387569.0
2025-03-06 15:00:00,0.0526,0.0546,0.0525,0.0538,85675811.0
2025-03-06 16:00:00,0.0538,0.054,0.0486,0.0491,113528188.0
2025-03-06 17:00:00,0.0491,0.0495,0.0471,0.0486,85934847.0
2025-03-06 18:00:00,0.0485,0.049,0.0475,0.0489,50481329.0
2025-03-06 19:00:00,0.049,0.0523,0.0487,0.0513,63195938.0
2025-03-06 20:00:00,0.0513,0.0532,0.051,0.0531,56493198.0
2025-03-06 21:00:00,0.0531,0.0542,0.0527,0.054,62398141.0
2025-03-06 22:00:00,0.054,0.055,0.0531,0.054,70075723.0
2025-03-06 23:00:00,0.054,0.0546,0.0527,0.0531,54875056.0
2025-03-07 00:00:00,0.0531,0.0554,0.0524,0.0545,154259932.0
2025-03-07 01:00:00,0.0545,0.0548,0.0522,0.0534,98417965.0
2025-03-07 02:00:00,0.0534,0.0544,0.0527,0.0537,57771395.0
2025-03-07 03:00:00,0.0537,0.0555,0.0535,0.055,65962129.0
2025-03-07 04:00:00,0.0551,0.0567,0.0547,0.0548,66740025.0
2025-03-07 05:00:00,0.0549,0.0564,0.0532,0.0534,69058505.0
2025-03-07 06:00:00,0.0534,0.0535,0.0505,0.0521,141832889.0
2025-03-07 07:00:00,0.0521,0.0522,0.0501,0.052,105529155.0
2025-03-07 08:00:00,0.0521,0.0523,0.05,0.0518,73921808.0
2025-03-07 09:00:00,0.0518,0.0552,0.0512,0.0548,105275094.0
2025-03-07 10:00:00,0.0548,0.0549,0.0527,0.0532,61897219.0
2025-03-07 11:00:00,0.0533,0.0539,0.0526,0.0536,38621147.0
2025-03-07 12:00:00,0.0536,0.0549,0.0533,0.0541,60267097.0
2025-03-07 13:00:00,0.0541,0.0562,0.0532,0.0541,88017662.0
2025-03-07 14:00:00,0.0542,0.0563,0.0531,0.0557,72296852.0
2025-03-07 15:00:00,0.0558,0.0569,0.0544,0.0568,77352030.0
2025-03-07 16:00:00,0.0567,0.0589,0.0566,0.0573,146752253.0
2025-03-07 17:00:00,0.0572,0.058,0.0552,0.056,88445127.0
2025-03-07 18:00:00,0.0561,0.0607,0.0558,0.0596,100474044.0
2025-03-07 19:00:00,0.0596,0.0602,0.0584,0.0584,60975507.0
2025-03-07 20:00:00,0.0584,0.06,0.057,0.0587,82835483.0
2025-03-07 21:00:00,0.0587,0.0596,0.0574,0.059,81286440.0
2025-03-07 22:00:00,0.0591,0.0594,0.057,0.057,46154869.0
2025-03-07 23:00:00,0.0571,0.0574,0.0556,0.0558,68149050.0
2025-03-08 00:00:00,0.0558,0.0583,0.0558,0.0567,56500400.0
2025-03-08 01:00:00,0.0567,0.0582,0.0558,0.0577,51674049.0
2025-03-08 02:00:00,0.0578,0.0581,0.0564,0.057,50954453.0
2025-03-08 03:00:00,0.057,0.058,0.0565,0.0569,37134458.0
2025-03-08 04:00:00,0.0568,0.0568,0.0543,0.0548,64465953.0
2025-03-08 05:00:00,0.0548,0.056,0.0541,0.056,39451750.0
2025-03-08 06:00:00,0.0559,0.056,0.0545,0.0546,40739634.0
2025-03-08 07:00:00,0.0547,0.0557,0.0546,0.0552,29903771.0
2025-03-08 08:00:00,0.0552,0.0557,0.0545,0.0549,34377602.0
2025-03-08 09:00:00,0.0549,0.0552,0.0534,0.0535,38865167.0
2025-03-08 10:00:00,0.0535,0.054,0.0511,0.0515,76047979.0
2025-03-08 11:00:00,0.0515,0.0519,0.0497,0.0506,70086483.0
2025-03-08 12:00:00,0.0507,0.051,0.0485,0.0489,71044263.0
2025-03-08 13:00:00,0.0489,0.0491,0.0454,0.0467,194739135.0
2025-03-08 14:00:00,0.0467,0.0476,0.0456,0.0459,123238652.0
2025-03-08 15:00:00,0.0459,0.0465,0.0447,0.0458,115268627.0
2025-03-08 16:00:00,0.0457,0.0464,0.0436,0.045,135540752.0
2025-03-08 17:00:00,0.0449,0.0467,0.0445,0.045,114468531.0
2025-03-08 18:00:00,0.045,0.045,0.0417,0.0418,132486856.0
2025-03-08 19:00:00,0.0419,0.0422,0.0403,0.041,114572927.0
2025-03-08 20:00:00,0.041,0.0414,0.0392,0.0394,119802297.0
2025-03-08 21:00:00,0.0393,0.0403,0.0386,0.0388,106543747.0
2025-03-08 22:00:00,0.0387,0.0395,0.0383,0.0387,87026508.0
2025-03-08 23:00:00,0.0386,0.0403,0.0385,0.0402,79865307.0
2025-03-09 00:00:00,0.0401,0.0411,0.0396,0.0402,118470755.0
2025-03-09 01:00:00,0.0402,0.0417,0.0401,0.041,96358639.0
2025-03-09 02:00:00,0.041,0.0415,0.0406,0.0407,95007703.0
2025-03-09 03:00:00,0.0408,0.0414,0.0403,0.0414,72135026.0
2025-03-09 04:00:00,0.0415,0.0424,0.0406,0.0408,89206342.0
2025-03-09 05:00:00,0.0409,0.0413,0.0401,0.0404,69991303.0
2025-03-09 06:00:00,0.0404,0.041,0.0387,0.0409,139645799.0
2025-03-09 07:00:00,0.0409,0.0409,0.0397,0.0401,68885919.0
2025-03-09 08:00:00,0.0401,0.0404,0.0395,0.04,84242437.0
2025-03-09 09:00:00,0.0399,0.0403,0.0394,0.04,56466896.0
2025-03-09 10:00:00,0.0401,0.0413,0.04,0.0412,96635587.0
2025-03-09 11:00:00,0.0412,0.0412,0.0402,0.0406,66892909.0
2025-03-09 12:00:00,0.0406,0.0413,0.0403,0.0405,64171267.0
2025-03-09 13:00:00,0.0405,0.041,0.0399,0.0404,90275773.0
2025-03-09 14:00:00,0.0404,0.041,0.04,0.0401,60660973.0
